date,ticker,action,from_weight,to_weight,delta_weight,run_timestamp,model_name
2026-03-18,AKAM,BUY,0.0,0.0737494061210542,0.0737494061210542,2026-03-18T23:43:22.205708,baseline
2026-03-18,ALB,SELL,0.0494556873559332,0.0,-0.0494556873559332,2026-03-18T23:43:22.205708,baseline
2026-03-18,ALGN,SELL,0.0494556873559332,0.0,-0.0494556873559332,2026-03-18T23:43:22.205708,baseline
2026-03-18,ALLE,SELL,0.0494556873559332,0.0,-0.0494556873559332,2026-03-18T23:43:22.205708,baseline
2026-03-18,APA,BUY,0.0,0.0737494061210542,0.0737494061210542,2026-03-18T23:43:22.205708,baseline
2026-03-18,AR,BUY,0.0,0.0643943792050031,0.0643943792050031,2026-03-18T23:29:37.278742,baseline
2026-03-18,BLDR,SELL,0.0494556873559332,0.0,-0.0494556873559332,2026-03-18T23:43:22.205708,baseline
2026-03-18,CE,BUY,0.0,0.0643943792050031,0.0643943792050031,2026-03-18T23:29:37.278742,baseline
2026-03-18,CF,BUY,0.0,0.0737494061210542,0.0737494061210542,2026-03-18T23:43:22.205708,baseline
2026-03-18,COP,BUY,0.0,0.0737494061210542,0.0737494061210542,2026-03-18T23:43:22.205708,baseline
2026-03-18,CRWD,BUY,0.0,0.0737494061210542,0.0737494061210542,2026-03-18T23:43:22.205708,baseline
2026-03-18,CTAS,SELL,0.0494556873559332,0.0,-0.0494556873559332,2026-03-18T23:43:22.205708,baseline
2026-03-18,CZR,BUY,0.0,0.0737494061210542,0.0737494061210542,2026-03-18T23:43:22.205708,baseline
2026-03-18,DELL,BUY,0.0,0.0737494061210542,0.0737494061210542,2026-03-18T23:43:22.205708,baseline
2026-03-18,DOW,BUY,0.0,0.0737494061210542,0.0737494061210542,2026-03-18T23:43:22.205708,baseline
2026-03-18,EC,BUY,0.0,0.0643943792050031,0.0643943792050031,2026-03-18T23:29:37.278742,baseline
2026-03-18,EFU,BUY,0.0,0.0643943792050031,0.0643943792050031,2026-03-18T23:29:37.278742,baseline
2026-03-18,ENPH,SELL,0.0494556873559332,0.0,-0.0494556873559332,2026-03-18T23:43:22.205708,baseline
2026-03-18,FMC,SELL,0.0494556873559332,0.0,-0.0494556873559332,2026-03-18T23:43:22.205708,baseline
2026-03-18,FSLR,SELL,0.0494556873559332,0.0,-0.0494556873559332,2026-03-18T23:43:22.205708,baseline
2026-03-18,GTE,BUY,0.0,0.0643943792050031,0.0643943792050031,2026-03-18T23:29:37.278742,baseline
2026-03-18,ILMN,SELL,0.0494556873559332,0.0,-0.0494556873559332,2026-03-18T23:43:22.205708,baseline
2026-03-18,INTC,SELL,0.0494556873559332,0.0,-0.0494556873559332,2026-03-18T23:43:22.205708,baseline
2026-03-18,KR,BUY,0.0,0.0737494061210542,0.0737494061210542,2026-03-18T23:43:22.205708,baseline
2026-03-18,LYB,BUY,0.0,0.0737494061210542,0.0737494061210542,2026-03-18T23:43:22.205708,baseline
2026-03-18,MOS,BUY,0.0,0.0737494061210542,0.0737494061210542,2026-03-18T23:43:22.205708,baseline
2026-03-18,MRNA,SELL,0.0494556873559332,0.0,-0.0494556873559332,2026-03-18T23:43:22.205708,baseline
2026-03-18,MU,INCREASE,0.0494556873559332,0.0737494061210542,0.024293718765121,2026-03-18T23:43:22.205708,baseline
2026-03-18,MUR,BUY,0.0,0.0643943792050031,0.0643943792050031,2026-03-18T23:29:37.278742,baseline
2026-03-18,NCLH,SELL,0.0494556873559332,0.0,-0.0494556873559332,2026-03-18T23:43:22.205708,baseline
2026-03-18,OXY,BUY,0.0,0.0737494061210542,0.0737494061210542,2026-03-18T23:43:22.205708,baseline
2026-03-18,PSX,BUY,0.0,0.0737494061210542,0.0737494061210542,2026-03-18T23:43:22.205708,baseline
2026-03-18,RCL,SELL,0.0494556873559332,0.0,-0.0494556873559332,2026-03-18T23:43:22.205708,baseline
2026-03-18,RVTY,SELL,0.0494556873559332,0.0,-0.0494556873559332,2026-03-18T23:43:22.205708,baseline
2026-03-18,SNDK,BUY,0.0,0.0643943792050031,0.0643943792050031,2026-03-18T23:29:37.278742,baseline
2026-03-18,VLO,BUY,0.0,0.0737494061210542,0.0737494061210542,2026-03-18T23:43:22.205708,baseline
2026-03-19,ADM,BUY,0.0,0.0766317093628063,0.0766317093628063,2026-03-19T17:30:22.238638,baseline
2026-03-19,AKAM,INCREASE,0.0737494061210542,0.0766317093628063,0.002882303241752,2026-03-19T17:30:22.238638,baseline
2026-03-19,APA,INCREASE,0.0737494061210542,0.0766317093628063,0.002882303241752,2026-03-19T17:30:22.238638,baseline
2026-03-19,CF,SELL,0.0737494061210542,0.0,-0.0737494061210542,2026-03-19T17:30:22.238638,baseline
2026-03-19,COP,INCREASE,0.0737494061210542,0.0766317093628063,0.002882303241752,2026-03-19T17:30:22.238638,baseline
2026-03-19,CRWD,INCREASE,0.0737494061210542,0.0766317093628063,0.002882303241752,2026-03-19T17:30:22.238638,baseline
2026-03-19,CZR,INCREASE,0.0737494061210542,0.0766317093628063,0.002882303241752,2026-03-19T17:30:22.238638,baseline
2026-03-19,DELL,INCREASE,0.0737494061210542,0.0766317093628063,0.002882303241752,2026-03-19T17:30:22.238638,baseline
2026-03-19,DOW,INCREASE,0.0737494061210542,0.0766317093628063,0.002882303241752,2026-03-19T17:30:22.238638,baseline
2026-03-19,KR,INCREASE,0.0737494061210542,0.0766317093628063,0.002882303241752,2026-03-19T17:30:22.238638,baseline
2026-03-19,LYB,INCREASE,0.0737494061210542,0.0766317093628063,0.002882303241752,2026-03-19T17:30:22.238638,baseline
2026-03-19,MOS,INCREASE,0.0737494061210542,0.0766317093628063,0.002882303241752,2026-03-19T17:30:22.238638,baseline
2026-03-19,MU,INCREASE,0.0737494061210542,0.0766317093628063,0.002882303241752,2026-03-19T17:30:22.238638,baseline
2026-03-19,OXY,INCREASE,0.0737494061210542,0.0766317093628063,0.002882303241752,2026-03-19T17:30:22.238638,baseline
2026-03-19,PSX,INCREASE,0.0737494061210542,0.0766317093628063,0.002882303241752,2026-03-19T17:30:22.238638,baseline
2026-03-19,VLO,INCREASE,0.0737494061210542,0.0766317093628063,0.002882303241752,2026-03-19T17:30:22.238638,baseline
2026-03-20,ADM,SELL,0.0766317093628063,0.0,-0.0766317093628063,2026-03-21T18:04:12.670317,baseline
2026-03-20,AKAM,DECREASE,0.0766317093628063,0.0737494003951095,-0.0028823089676968,2026-03-21T18:04:12.670317,baseline
2026-03-20,APA,DECREASE,0.0766317093628063,0.0737494003951095,-0.0028823089676968,2026-03-21T18:04:12.670317,baseline
2026-03-20,CF,BUY,0.0,0.0737494003951095,0.0737494003951095,2026-03-21T18:04:12.670317,baseline
2026-03-20,COP,DECREASE,0.0766317093628063,0.0737494003951095,-0.0028823089676968,2026-03-21T18:04:12.670317,baseline
2026-03-20,CRWD,DECREASE,0.0766317093628063,0.0737494003951095,-0.0028823089676968,2026-03-21T18:04:12.670317,baseline
2026-03-20,CZR,DECREASE,0.0766317093628063,0.0737494003951095,-0.0028823089676968,2026-03-21T18:04:12.670317,baseline
2026-03-20,DELL,DECREASE,0.0766317093628063,0.0737494003951095,-0.0028823089676968,2026-03-21T18:04:12.670317,baseline
2026-03-20,DOW,DECREASE,0.0766317093628063,0.0737494003951095,-0.0028823089676968,2026-03-21T18:04:12.670317,baseline
2026-03-20,KR,DECREASE,0.0766317093628063,0.0737494003951095,-0.0028823089676968,2026-03-21T18:04:12.670317,baseline
2026-03-20,LYB,DECREASE,0.0766317093628063,0.0737494003951095,-0.0028823089676968,2026-03-21T18:04:12.670317,baseline
2026-03-20,MOS,DECREASE,0.0766317093628063,0.0737494003951095,-0.0028823089676968,2026-03-21T18:04:12.670317,baseline
2026-03-20,MU,DECREASE,0.0766317093628063,0.0737494003951095,-0.0028823089676968,2026-03-21T18:04:12.670317,baseline
2026-03-20,OXY,DECREASE,0.0766317093628063,0.0737494003951095,-0.0028823089676968,2026-03-21T18:04:12.670317,baseline
2026-03-20,PSX,DECREASE,0.0766317093628063,0.0737494003951095,-0.0028823089676968,2026-03-21T18:04:12.670317,baseline
2026-03-20,VLO,DECREASE,0.0766317093628063,0.0737494003951095,-0.0028823089676968,2026-03-21T18:04:12.670317,baseline
2026-03-23,AKAM,DECREASE,0.0737494003951095,0.066107736584812,-0.0076416638102974,2026-03-23T17:30:18.093582,baseline
2026-03-23,APA,DECREASE,0.0737494003951095,0.066107736584812,-0.0076416638102974,2026-03-23T17:30:18.093582,baseline
2026-03-23,APO,BUY,0.0,0.066107736584812,0.066107736584812,2026-03-23T17:30:18.093582,baseline
2026-03-23,BKR,BUY,0.0,0.066107736584812,0.066107736584812,2026-03-23T17:30:18.093582,baseline
2026-03-23,CF,SELL,0.0737494003951095,0.0,-0.0737494003951095,2026-03-23T17:30:18.093582,baseline
2026-03-23,CIEN,BUY,0.0,0.066107736584812,0.066107736584812,2026-03-23T17:30:18.093582,baseline
2026-03-23,COP,DECREASE,0.0737494003951095,0.066107736584812,-0.0076416638102974,2026-03-23T17:30:18.093582,baseline
2026-03-23,CRWD,SELL,0.0737494003951095,0.0,-0.0737494003951095,2026-03-23T17:30:18.093582,baseline
2026-03-23,CTRA,BUY,0.0,0.066107736584812,0.066107736584812,2026-03-23T17:30:18.093582,baseline
2026-03-23,CZR,SELL,0.0737494003951095,0.0,-0.0737494003951095,2026-03-23T17:30:18.093582,baseline
2026-03-23,DELL,DECREASE,0.0737494003951095,0.066107736584812,-0.0076416638102974,2026-03-23T17:30:18.093582,baseline
2026-03-23,DOW,SELL,0.0737494003951095,0.0,-0.0737494003951095,2026-03-23T17:30:18.093582,baseline
2026-03-23,DVN,BUY,0.0,0.066107736584812,0.066107736584812,2026-03-23T17:30:18.093582,baseline
2026-03-23,FANG,BUY,0.0,0.066107736584812,0.066107736584812,2026-03-23T17:30:18.093582,baseline
2026-03-23,KR,SELL,0.0737494003951095,0.0,-0.0737494003951095,2026-03-23T17:30:18.093582,baseline
2026-03-23,LYB,DECREASE,0.0737494003951095,0.066107736584812,-0.0076416638102974,2026-03-23T17:30:18.093582,baseline
2026-03-23,MOS,SELL,0.0737494003951095,0.0,-0.0737494003951095,2026-03-23T17:30:18.093582,baseline
2026-03-23,MU,SELL,0.0737494003951095,0.0,-0.0737494003951095,2026-03-23T17:30:18.093582,baseline
2026-03-23,OKE,BUY,0.0,0.066107736584812,0.066107736584812,2026-03-23T17:30:18.093582,baseline
2026-03-23,OXY,DECREASE,0.0737494003951095,0.066107736584812,-0.0076416638102974,2026-03-23T17:30:18.093582,baseline
2026-03-23,PSX,SELL,0.0737494003951095,0.0,-0.0737494003951095,2026-03-23T17:30:18.093582,baseline
2026-03-23,SNDK,BUY,0.0,0.066107736584812,0.066107736584812,2026-03-23T17:30:18.093582,baseline
2026-03-23,VLO,DECREASE,0.0737494003951095,0.066107736584812,-0.0076416638102974,2026-03-23T17:30:18.093582,baseline
2026-03-24,AKAM,DECREASE,0.066107736584812,0.0661077357869644,-7.97847607425517e-10,2026-03-24T23:50:53.730997,baseline
2026-03-24,APA,DECREASE,0.066107736584812,0.0661077357869644,-7.97847607425517e-10,2026-03-24T23:50:53.730997,baseline
2026-03-24,APO,DECREASE,0.066107736584812,0.0661077357869644,-7.97847607425517e-10,2026-03-24T23:50:53.730997,baseline
2026-03-24,BKR,DECREASE,0.066107736584812,0.0661077357869644,-7.97847607425517e-10,2026-03-24T23:50:53.730997,baseline
2026-03-24,CIEN,DECREASE,0.066107736584812,0.0661077357869644,-7.97847607425517e-10,2026-03-24T23:50:53.730997,baseline
2026-03-24,COP,DECREASE,0.066107736584812,0.0661077357869644,-7.97847607425517e-10,2026-03-24T23:50:53.730997,baseline
2026-03-24,CTRA,DECREASE,0.066107736584812,0.0661077357869644,-7.97847607425517e-10,2026-03-24T23:50:53.730997,baseline
2026-03-24,DELL,DECREASE,0.066107736584812,0.0661077357869644,-7.97847607425517e-10,2026-03-24T23:50:53.730997,baseline
2026-03-24,DVN,DECREASE,0.066107736584812,0.0661077357869644,-7.97847607425517e-10,2026-03-24T23:50:53.730997,baseline
2026-03-24,FANG,DECREASE,0.066107736584812,0.0661077357869644,-7.97847607425517e-10,2026-03-24T23:50:53.730997,baseline
2026-03-24,LYB,DECREASE,0.066107736584812,0.0661077357869644,-7.97847607425517e-10,2026-03-24T23:50:53.730997,baseline
2026-03-24,OKE,DECREASE,0.066107736584812,0.0661077357869644,-7.97847607425517e-10,2026-03-24T23:50:53.730997,baseline
2026-03-24,OXY,DECREASE,0.066107736584812,0.0661077357869644,-7.97847607425517e-10,2026-03-24T23:50:53.730997,baseline
2026-03-24,SNDK,DECREASE,0.066107736584812,0.0661077357869644,-7.97847607425517e-10,2026-03-24T23:50:53.730997,baseline
2026-03-24,VLO,DECREASE,0.066107736584812,0.0661077357869644,-7.97847607425517e-10,2026-03-24T23:50:53.730997,baseline
2026-03-25,AKAM,INCREASE,0.0661077357869644,0.06610774096512,5.178155557117314e-09,2026-03-26T01:22:52.291422,baseline
2026-03-25,APA,INCREASE,0.0661077357869644,0.06610774096512,5.178155557117314e-09,2026-03-26T01:22:52.291422,baseline
2026-03-25,APO,INCREASE,0.0661077357869644,0.06610774096512,5.178155557117314e-09,2026-03-26T01:22:52.291422,baseline
2026-03-25,BKR,INCREASE,0.0661077357869644,0.06610774096512,5.178155557117314e-09,2026-03-26T01:22:52.291422,baseline
2026-03-25,CIEN,INCREASE,0.0661077357869644,0.06610774096512,5.178155557117314e-09,2026-03-26T01:22:52.291422,baseline
2026-03-25,COP,INCREASE,0.0661077357869644,0.06610774096512,5.178155557117314e-09,2026-03-26T01:22:52.291422,baseline
2026-03-25,CTRA,INCREASE,0.0661077357869644,0.06610774096512,5.178155557117314e-09,2026-03-26T01:22:52.291422,baseline
2026-03-25,DELL,INCREASE,0.0661077357869644,0.06610774096512,5.178155557117314e-09,2026-03-26T01:22:52.291422,baseline
2026-03-25,DVN,INCREASE,0.0661077357869644,0.06610774096512,5.178155557117314e-09,2026-03-26T01:22:52.291422,baseline
2026-03-25,FANG,INCREASE,0.0661077357869644,0.06610774096512,5.178155557117314e-09,2026-03-26T01:22:52.291422,baseline
2026-03-25,LYB,INCREASE,0.0661077357869644,0.06610774096512,5.178155557117314e-09,2026-03-26T01:22:52.291422,baseline
2026-03-25,OKE,INCREASE,0.0661077357869644,0.06610774096512,5.178155557117314e-09,2026-03-26T01:22:52.291422,baseline
2026-03-25,OXY,INCREASE,0.0661077357869644,0.06610774096512,5.178155557117314e-09,2026-03-26T01:22:52.291422,baseline
2026-03-25,SNDK,INCREASE,0.0661077357869644,0.06610774096512,5.178155557117314e-09,2026-03-26T01:22:52.291422,baseline
2026-03-25,VLO,INCREASE,0.0661077357869644,0.06610774096512,5.178155557117314e-09,2026-03-26T01:22:52.291422,baseline
2026-03-26,AKAM,INCREASE,0.06610774096512,0.0661077456956349,4.730514951978293e-09,2026-03-27T01:59:10.890825,baseline
2026-03-26,APA,INCREASE,0.06610774096512,0.0661077456956349,4.730514951978293e-09,2026-03-27T01:59:10.890825,baseline
2026-03-26,APO,INCREASE,0.06610774096512,0.0661077456956349,4.730514951978293e-09,2026-03-27T01:59:10.890825,baseline
2026-03-26,BKR,INCREASE,0.06610774096512,0.0661077456956349,4.730514951978293e-09,2026-03-27T01:59:10.890825,baseline
2026-03-26,CIEN,INCREASE,0.06610774096512,0.0661077456956349,4.730514951978293e-09,2026-03-27T01:59:10.890825,baseline
2026-03-26,COP,INCREASE,0.06610774096512,0.0661077456956349,4.730514951978293e-09,2026-03-27T01:59:10.890825,baseline
2026-03-26,CTRA,INCREASE,0.06610774096512,0.0661077456956349,4.730514951978293e-09,2026-03-27T01:59:10.890825,baseline
2026-03-26,DELL,INCREASE,0.06610774096512,0.0661077456956349,4.730514951978293e-09,2026-03-27T01:59:10.890825,baseline
2026-03-26,DVN,INCREASE,0.06610774096512,0.0661077456956349,4.730514951978293e-09,2026-03-27T01:59:10.890825,baseline
2026-03-26,FANG,INCREASE,0.06610774096512,0.0661077456956349,4.730514951978293e-09,2026-03-27T01:59:10.890825,baseline
2026-03-26,LYB,INCREASE,0.06610774096512,0.0661077456956349,4.730514951978293e-09,2026-03-27T01:59:10.890825,baseline
2026-03-26,OKE,INCREASE,0.06610774096512,0.0661077456956349,4.730514951978293e-09,2026-03-27T01:59:10.890825,baseline
2026-03-26,OXY,INCREASE,0.06610774096512,0.0661077456956349,4.730514951978293e-09,2026-03-27T01:59:10.890825,baseline
2026-03-26,SNDK,INCREASE,0.06610774096512,0.0661077456956349,4.730514951978293e-09,2026-03-27T01:59:10.890825,baseline
2026-03-26,VLO,INCREASE,0.06610774096512,0.0661077456956349,4.730514951978293e-09,2026-03-27T01:59:10.890825,baseline
2026-03-27,AKAM,INCREASE,0.0661077456956349,0.0661077488753107,3.179675800435433e-09,2026-03-28T23:08:59.460164,baseline
2026-03-27,APA,INCREASE,0.0661077456956349,0.0661077488753107,3.179675800435433e-09,2026-03-28T23:08:59.460164,baseline
2026-03-27,APO,INCREASE,0.0661077456956349,0.0661077488753107,3.179675800435433e-09,2026-03-28T23:08:59.460164,baseline
2026-03-27,BKR,INCREASE,0.0661077456956349,0.0661077488753107,3.179675800435433e-09,2026-03-28T23:08:59.460164,baseline
2026-03-27,CIEN,INCREASE,0.0661077456956349,0.0661077488753107,3.179675800435433e-09,2026-03-28T23:08:59.460164,baseline
2026-03-27,COP,INCREASE,0.0661077456956349,0.0661077488753107,3.179675800435433e-09,2026-03-28T23:08:59.460164,baseline
2026-03-27,CTRA,INCREASE,0.0661077456956349,0.0661077488753107,3.179675800435433e-09,2026-03-28T23:08:59.460164,baseline
2026-03-27,DELL,INCREASE,0.0661077456956349,0.0661077488753107,3.179675800435433e-09,2026-03-28T23:08:59.460164,baseline
2026-03-27,DVN,INCREASE,0.0661077456956349,0.0661077488753107,3.179675800435433e-09,2026-03-28T23:08:59.460164,baseline
2026-03-27,FANG,INCREASE,0.0661077456956349,0.0661077488753107,3.179675800435433e-09,2026-03-28T23:08:59.460164,baseline
2026-03-27,LYB,INCREASE,0.0661077456956349,0.0661077488753107,3.179675800435433e-09,2026-03-28T23:08:59.460164,baseline
2026-03-27,OKE,INCREASE,0.0661077456956349,0.0661077488753107,3.179675800435433e-09,2026-03-28T23:08:59.460164,baseline
2026-03-27,OXY,INCREASE,0.0661077456956349,0.0661077488753107,3.179675800435433e-09,2026-03-28T23:08:59.460164,baseline
2026-03-27,SNDK,SELL,0.0661077456956349,0.0,-0.0661077456956349,2026-03-28T23:08:59.460164,baseline
2026-03-27,VLO,INCREASE,0.0661077456956349,0.0661077488753107,3.179675800435433e-09,2026-03-28T23:08:59.460164,baseline
2026-03-30,AKAM,SELL,0.0661077488753107,0.0,-0.0661077488753107,2026-03-30T17:30:17.608831,baseline
2026-03-30,APA,DECREASE,0.0661077488753107,0.0577429043362704,-0.0083648445390403,2026-03-30T17:30:17.608831,baseline
2026-03-30,APO,SELL,0.0661077488753107,0.0,-0.0661077488753107,2026-03-30T17:30:17.608831,baseline
2026-03-30,BF-B,BUY,0.0,0.0577429043362704,0.0577429043362704,2026-03-30T17:30:17.608831,baseline
2026-03-30,BKR,SELL,0.0661077488753107,0.0,-0.0661077488753107,2026-03-30T17:30:17.608831,baseline
2026-03-30,CF,BUY,0.0,0.0577429043362704,0.0577429043362704,2026-03-30T17:30:17.608831,baseline
2026-03-30,CIEN,SELL,0.0661077488753107,0.0,-0.0661077488753107,2026-03-30T17:30:17.608831,baseline
2026-03-30,COP,SELL,0.0661077488753107,0.0,-0.0661077488753107,2026-03-30T17:30:17.608831,baseline
2026-03-30,CTRA,DECREASE,0.0661077488753107,0.0577429043362704,-0.0083648445390403,2026-03-30T17:30:17.608831,baseline
2026-03-30,DELL,SELL,0.0661077488753107,0.0,-0.0661077488753107,2026-03-30T17:30:17.608831,baseline
2026-03-30,DOW,BUY,0.0,0.0577429043362704,0.0577429043362704,2026-03-30T17:30:17.608831,baseline
2026-03-30,DVN,SELL,0.0661077488753107,0.0,-0.0661077488753107,2026-03-30T17:30:17.608831,baseline
2026-03-30,EOG,BUY,0.0,0.0577429043362704,0.0577429043362704,2026-03-30T17:30:17.608831,baseline
2026-03-30,ETR,BUY,0.0,0.0577429043362704,0.0577429043362704,2026-03-30T17:30:17.608831,baseline
2026-03-30,FANG,SELL,0.0661077488753107,0.0,-0.0661077488753107,2026-03-30T17:30:17.608831,baseline
2026-03-30,HAL,BUY,0.0,0.0577429043362704,0.0577429043362704,2026-03-30T17:30:17.608831,baseline
2026-03-30,LYB,DECREASE,0.0661077488753107,0.0577429043362704,-0.0083648445390403,2026-03-30T17:30:17.608831,baseline
2026-03-30,MPC,BUY,0.0,0.0577429043362704,0.0577429043362704,2026-03-30T17:30:17.608831,baseline
2026-03-30,OKE,SELL,0.0661077488753107,0.0,-0.0661077488753107,2026-03-30T17:30:17.608831,baseline
2026-03-30,OXY,DECREASE,0.0661077488753107,0.0577429043362704,-0.0083648445390403,2026-03-30T17:30:17.608831,baseline
2026-03-30,SATS,BUY,0.0,0.0577429043362704,0.0577429043362704,2026-03-30T17:30:17.608831,baseline
2026-03-30,SLB,BUY,0.0,0.0577429043362704,0.0577429043362704,2026-03-30T17:30:17.608831,baseline
2026-03-30,VLO,DECREASE,0.0661077488753107,0.0577429043362704,-0.0083648445390403,2026-03-30T17:30:17.608831,baseline
2026-03-30,XOM,BUY,0.0,0.0577429043362704,0.0577429043362704,2026-03-30T17:30:17.608831,baseline
2026-03-31,APA,DECREASE,0.0577429043362704,0.0577428989147398,-5.421530516191986e-09,2026-04-01T02:21:50.956774,baseline
2026-03-31,BF-B,DECREASE,0.0577429043362704,0.0577428989147398,-5.421530516191986e-09,2026-04-01T02:21:50.956774,baseline
2026-03-31,CF,DECREASE,0.0577429043362704,0.0577428989147398,-5.421530516191986e-09,2026-04-01T02:21:50.956774,baseline
2026-03-31,CTRA,DECREASE,0.0577429043362704,0.0577428989147398,-5.421530516191986e-09,2026-04-01T02:21:50.956774,baseline
2026-03-31,DOW,DECREASE,0.0577429043362704,0.0577428989147398,-5.421530516191986e-09,2026-04-01T02:21:50.956774,baseline
2026-03-31,EOG,DECREASE,0.0577429043362704,0.0577428989147398,-5.421530516191986e-09,2026-04-01T02:21:50.956774,baseline
2026-03-31,ETR,DECREASE,0.0577429043362704,0.0577428989147398,-5.421530516191986e-09,2026-04-01T02:21:50.956774,baseline
2026-03-31,HAL,DECREASE,0.0577429043362704,0.0577428989147398,-5.421530516191986e-09,2026-04-01T02:21:50.956774,baseline
2026-03-31,LYB,DECREASE,0.0577429043362704,0.0577428989147398,-5.421530516191986e-09,2026-04-01T02:21:50.956774,baseline
2026-03-31,MPC,DECREASE,0.0577429043362704,0.0577428989147398,-5.421530516191986e-09,2026-04-01T02:21:50.956774,baseline
2026-03-31,OXY,DECREASE,0.0577429043362704,0.0577428989147398,-5.421530516191986e-09,2026-04-01T02:21:50.956774,baseline
2026-03-31,SATS,DECREASE,0.0577429043362704,0.0577428989147398,-5.421530516191986e-09,2026-04-01T02:21:50.956774,baseline
2026-03-31,SLB,DECREASE,0.0577429043362704,0.0577428989147398,-5.421530516191986e-09,2026-04-01T02:21:50.956774,baseline
2026-03-31,VLO,DECREASE,0.0577429043362704,0.0577428989147398,-5.421530516191986e-09,2026-04-01T02:21:50.956774,baseline
2026-03-31,XOM,DECREASE,0.0577429043362704,0.0577428989147398,-5.421530516191986e-09,2026-04-01T02:21:50.956774,baseline
2026-04-01,APA,INCREASE,0.0577428989147398,0.0577429048723488,5.9576089200819035e-09,2026-04-01T17:30:32.845711,baseline
2026-04-01,BF-B,INCREASE,0.0577428989147398,0.0577429048723488,5.9576089200819035e-09,2026-04-01T17:30:32.845711,baseline
2026-04-01,CF,INCREASE,0.0577428989147398,0.0577429048723488,5.9576089200819035e-09,2026-04-01T17:30:32.845711,baseline
2026-04-01,CTRA,INCREASE,0.0577428989147398,0.0577429048723488,5.9576089200819035e-09,2026-04-01T17:30:32.845711,baseline
2026-04-01,DOW,INCREASE,0.0577428989147398,0.0577429048723488,5.9576089200819035e-09,2026-04-01T17:30:32.845711,baseline
2026-04-01,EOG,INCREASE,0.0577428989147398,0.0577429048723488,5.9576089200819035e-09,2026-04-01T17:30:32.845711,baseline
2026-04-01,ETR,INCREASE,0.0577428989147398,0.0577429048723488,5.9576089200819035e-09,2026-04-01T17:30:32.845711,baseline
2026-04-01,HAL,INCREASE,0.0577428989147398,0.0577429048723488,5.9576089200819035e-09,2026-04-01T17:30:32.845711,baseline
2026-04-01,LYB,INCREASE,0.0577428989147398,0.0577429048723488,5.9576089200819035e-09,2026-04-01T17:30:32.845711,baseline
2026-04-01,MPC,INCREASE,0.0577428989147398,0.0577429048723488,5.9576089200819035e-09,2026-04-01T17:30:32.845711,baseline
2026-04-01,OXY,INCREASE,0.0577428989147398,0.0577429048723488,5.9576089200819035e-09,2026-04-01T17:30:32.845711,baseline
2026-04-01,SATS,INCREASE,0.0577428989147398,0.0577429048723488,5.9576089200819035e-09,2026-04-01T17:30:32.845711,baseline
2026-04-01,SLB,INCREASE,0.0577428989147398,0.0577429048723488,5.9576089200819035e-09,2026-04-01T17:30:32.845711,baseline
2026-04-01,VLO,INCREASE,0.0577428989147398,0.0577429048723488,5.9576089200819035e-09,2026-04-01T17:30:32.845711,baseline
2026-04-01,XOM,INCREASE,0.0577428989147398,0.0577429048723488,5.9576089200819035e-09,2026-04-01T17:30:32.845711,baseline
2026-04-02,APA,INCREASE,0.0577429048723488,0.0577429073027716,2.4304228282701072e-09,2026-04-04T00:20:49.357131,baseline
2026-04-02,BF-B,INCREASE,0.0577429048723488,0.0577429073027716,2.4304228282701072e-09,2026-04-04T00:20:49.357131,baseline
2026-04-02,CF,INCREASE,0.0577429048723488,0.0577429073027716,2.4304228282701072e-09,2026-04-04T00:20:49.357131,baseline
2026-04-02,CTRA,INCREASE,0.0577429048723488,0.0577429073027716,2.4304228282701072e-09,2026-04-04T00:20:49.357131,baseline
2026-04-02,DOW,INCREASE,0.0577429048723488,0.0577429073027716,2.4304228282701072e-09,2026-04-04T00:20:49.357131,baseline
2026-04-02,EOG,INCREASE,0.0577429048723488,0.0577429073027716,2.4304228282701072e-09,2026-04-04T00:20:49.357131,baseline
2026-04-02,ETR,INCREASE,0.0577429048723488,0.0577429073027716,2.4304228282701072e-09,2026-04-04T00:20:49.357131,baseline
2026-04-02,HAL,INCREASE,0.0577429048723488,0.0577429073027716,2.4304228282701072e-09,2026-04-04T00:20:49.357131,baseline
2026-04-02,LYB,INCREASE,0.0577429048723488,0.0577429073027716,2.4304228282701072e-09,2026-04-04T00:20:49.357131,baseline
2026-04-02,MPC,INCREASE,0.0577429048723488,0.0577429073027716,2.4304228282701072e-09,2026-04-04T00:20:49.357131,baseline
2026-04-02,OXY,INCREASE,0.0577429048723488,0.0577429073027716,2.4304228282701072e-09,2026-04-04T00:20:49.357131,baseline
2026-04-02,SATS,INCREASE,0.0577429048723488,0.0577429073027716,2.4304228282701072e-09,2026-04-04T00:20:49.357131,baseline
2026-04-02,SLB,INCREASE,0.0577429048723488,0.0577429073027716,2.4304228282701072e-09,2026-04-04T00:20:49.357131,baseline
2026-04-02,VLO,INCREASE,0.0577429048723488,0.0577429073027716,2.4304228282701072e-09,2026-04-04T00:20:49.357131,baseline
2026-04-02,XOM,INCREASE,0.0577429048723488,0.0577429073027716,2.4304228282701072e-09,2026-04-04T00:20:49.357131,baseline
2026-04-06,APA,INCREASE,0.0577429073027716,0.0577429994453318,9.214256019990374e-08,2026-04-06T17:30:21.085766,baseline
2026-04-06,BF-B,INCREASE,0.0577429073027716,0.0577429994453318,9.214256019990374e-08,2026-04-06T17:30:21.085766,baseline
2026-04-06,CF,INCREASE,0.0577429073027716,0.0577429994453318,9.214256019990374e-08,2026-04-06T17:30:21.085766,baseline
2026-04-06,CTRA,INCREASE,0.0577429073027716,0.0577429994453318,9.214256019990374e-08,2026-04-06T17:30:21.085766,baseline
2026-04-06,DOW,INCREASE,0.0577429073027716,0.0577429994453318,9.214256019990374e-08,2026-04-06T17:30:21.085766,baseline
2026-04-06,EOG,INCREASE,0.0577429073027716,0.0577429994453318,9.214256019990374e-08,2026-04-06T17:30:21.085766,baseline
2026-04-06,ETR,INCREASE,0.0577429073027716,0.0577429994453318,9.214256019990374e-08,2026-04-06T17:30:21.085766,baseline
2026-04-06,HAL,INCREASE,0.0577429073027716,0.0577429994453318,9.214256019990374e-08,2026-04-06T17:30:21.085766,baseline
2026-04-06,LYB,INCREASE,0.0577429073027716,0.0577429994453318,9.214256019990374e-08,2026-04-06T17:30:21.085766,baseline
2026-04-06,MPC,INCREASE,0.0577429073027716,0.0577429994453318,9.214256019990374e-08,2026-04-06T17:30:21.085766,baseline
2026-04-06,OXY,INCREASE,0.0577429073027716,0.0577429994453318,9.214256019990374e-08,2026-04-06T17:30:21.085766,baseline
2026-04-06,SATS,INCREASE,0.0577429073027716,0.0577429994453318,9.214256019990374e-08,2026-04-06T17:30:21.085766,baseline
2026-04-06,SLB,INCREASE,0.0577429073027716,0.0577429994453318,9.214256019990374e-08,2026-04-06T17:30:21.085766,baseline
2026-04-06,VLO,INCREASE,0.0577429073027716,0.0577429994453318,9.214256019990374e-08,2026-04-06T17:30:21.085766,baseline
2026-04-06,XOM,INCREASE,0.0577429073027716,0.0577429994453318,9.214256019990374e-08,2026-04-06T17:30:21.085766,baseline
2026-04-07,APA,DECREASE,0.0577429994453318,0.0577429786271285,-2.0818203314010297e-08,2026-04-07T18:09:49.037512,baseline
2026-04-07,BF-B,DECREASE,0.0577429994453318,0.0577429786271285,-2.0818203314010297e-08,2026-04-07T18:09:49.037512,baseline
2026-04-07,CF,DECREASE,0.0577429994453318,0.0577429786271285,-2.0818203314010297e-08,2026-04-07T18:09:49.037512,baseline
2026-04-07,CTRA,DECREASE,0.0577429994453318,0.0577429786271285,-2.0818203314010297e-08,2026-04-07T18:09:49.037512,baseline
2026-04-07,DOW,DECREASE,0.0577429994453318,0.0577429786271285,-2.0818203314010297e-08,2026-04-07T18:09:49.037512,baseline
2026-04-07,EOG,DECREASE,0.0577429994453318,0.0577429786271285,-2.0818203314010297e-08,2026-04-07T18:09:49.037512,baseline
2026-04-07,ETR,DECREASE,0.0577429994453318,0.0577429786271285,-2.0818203314010297e-08,2026-04-07T18:09:49.037512,baseline
2026-04-07,HAL,DECREASE,0.0577429994453318,0.0577429786271285,-2.0818203314010297e-08,2026-04-07T18:09:49.037512,baseline
2026-04-07,LYB,DECREASE,0.0577429994453318,0.0577429786271285,-2.0818203314010297e-08,2026-04-07T18:09:49.037512,baseline
2026-04-07,MPC,DECREASE,0.0577429994453318,0.0577429786271285,-2.0818203314010297e-08,2026-04-07T18:09:49.037512,baseline
2026-04-07,OXY,DECREASE,0.0577429994453318,0.0577429786271285,-2.0818203314010297e-08,2026-04-07T18:09:49.037512,baseline
2026-04-07,SATS,DECREASE,0.0577429994453318,0.0577429786271285,-2.0818203314010297e-08,2026-04-07T18:09:49.037512,baseline
2026-04-07,SLB,DECREASE,0.0577429994453318,0.0577429786271285,-2.0818203314010297e-08,2026-04-07T18:09:49.037512,baseline
2026-04-07,VLO,DECREASE,0.0577429994453318,0.0577429786271285,-2.0818203314010297e-08,2026-04-07T18:09:49.037512,baseline
2026-04-07,XOM,DECREASE,0.0577429994453318,0.0577429786271285,-2.0818203314010297e-08,2026-04-07T18:09:49.037512,baseline
2026-04-08,APA,INCREASE,0.0577429786271285,0.0577429931174922,1.4490363721419984e-08,2026-04-08T17:30:37.846652,baseline
2026-04-08,BF-B,INCREASE,0.0577429786271285,0.0577429931174922,1.4490363721419984e-08,2026-04-08T17:30:37.846652,baseline
2026-04-08,CF,INCREASE,0.0577429786271285,0.0577429931174922,1.4490363721419984e-08,2026-04-08T17:30:37.846652,baseline
2026-04-08,CTRA,INCREASE,0.0577429786271285,0.0577429931174922,1.4490363721419984e-08,2026-04-08T17:30:37.846652,baseline
2026-04-08,DOW,INCREASE,0.0577429786271285,0.0577429931174922,1.4490363721419984e-08,2026-04-08T17:30:37.846652,baseline
2026-04-08,EOG,INCREASE,0.0577429786271285,0.0577429931174922,1.4490363721419984e-08,2026-04-08T17:30:37.846652,baseline
2026-04-08,ETR,INCREASE,0.0577429786271285,0.0577429931174922,1.4490363721419984e-08,2026-04-08T17:30:37.846652,baseline
2026-04-08,HAL,INCREASE,0.0577429786271285,0.0577429931174922,1.4490363721419984e-08,2026-04-08T17:30:37.846652,baseline
2026-04-08,LYB,INCREASE,0.0577429786271285,0.0577429931174922,1.4490363721419984e-08,2026-04-08T17:30:37.846652,baseline
2026-04-08,MPC,INCREASE,0.0577429786271285,0.0577429931174922,1.4490363721419984e-08,2026-04-08T17:30:37.846652,baseline
2026-04-08,OXY,INCREASE,0.0577429786271285,0.0577429931174922,1.4490363721419984e-08,2026-04-08T17:30:37.846652,baseline
2026-04-08,SATS,INCREASE,0.0577429786271285,0.0577429931174922,1.4490363721419984e-08,2026-04-08T17:30:37.846652,baseline
2026-04-08,SLB,INCREASE,0.0577429786271285,0.0577429931174922,1.4490363721419984e-08,2026-04-08T17:30:37.846652,baseline
2026-04-08,VLO,INCREASE,0.0577429786271285,0.0577429931174922,1.4490363721419984e-08,2026-04-08T17:30:37.846652,baseline
2026-04-08,XOM,INCREASE,0.0577429786271285,0.0577429931174922,1.4490363721419984e-08,2026-04-08T17:30:37.846652,baseline
2026-04-09,APA,SELL,0.0577429931174922,0.0,-0.0577429931174922,2026-04-09T17:30:38.101462,baseline
2026-04-09,BF-B,DECREASE,0.0577429931174922,0.0577429473033864,-4.58141058215511e-08,2026-04-09T17:30:38.101462,baseline
2026-04-09,CF,SELL,0.0577429931174922,0.0,-0.0577429931174922,2026-04-09T17:30:38.101462,baseline
2026-04-09,CTRA,DECREASE,0.0577429931174922,0.0577429473033864,-4.58141058215511e-08,2026-04-09T17:30:38.101462,baseline
2026-04-09,DOW,DECREASE,0.0577429931174922,0.0577429473033864,-4.58141058215511e-08,2026-04-09T17:30:38.101462,baseline
2026-04-09,EOG,DECREASE,0.0577429931174922,0.0577429473033864,-4.58141058215511e-08,2026-04-09T17:30:38.101462,baseline
2026-04-09,ETR,DECREASE,0.0577429931174922,0.0577429473033864,-4.58141058215511e-08,2026-04-09T17:30:38.101462,baseline
2026-04-09,HAL,DECREASE,0.0577429931174922,0.0577429473033864,-4.58141058215511e-08,2026-04-09T17:30:38.101462,baseline
2026-04-09,LYB,SELL,0.0577429931174922,0.0,-0.0577429931174922,2026-04-09T17:30:38.101462,baseline
2026-04-09,MPC,DECREASE,0.0577429931174922,0.0577429473033864,-4.58141058215511e-08,2026-04-09T17:30:38.101462,baseline
2026-04-09,OXY,SELL,0.0577429931174922,0.0,-0.0577429931174922,2026-04-09T17:30:38.101462,baseline
2026-04-09,SATS,DECREASE,0.0577429931174922,0.0577429473033864,-4.58141058215511e-08,2026-04-09T17:30:38.101462,baseline
2026-04-09,SLB,DECREASE,0.0577429931174922,0.0577429473033864,-4.58141058215511e-08,2026-04-09T17:30:38.101462,baseline
2026-04-09,VLO,DECREASE,0.0577429931174922,0.0577429473033864,-4.58141058215511e-08,2026-04-09T17:30:38.101462,baseline
2026-04-09,XOM,SELL,0.0577429931174922,0.0,-0.0577429931174922,2026-04-09T17:30:38.101462,baseline
2026-04-10,BF-B,DECREASE,0.0577429473033864,0.0577428527624985,-9.45408878891274e-08,2026-04-11T01:19:50.255545,baseline
2026-04-10,CTRA,DECREASE,0.0577429473033864,0.0577428527624985,-9.45408878891274e-08,2026-04-11T01:19:50.255545,baseline
2026-04-10,DOW,SELL,0.0577429473033864,0.0,-0.0577429473033864,2026-04-11T01:19:50.255545,baseline
2026-04-10,EOG,SELL,0.0577429473033864,0.0,-0.0577429473033864,2026-04-11T01:19:50.255545,baseline
2026-04-10,ETR,DECREASE,0.0577429473033864,0.0577428527624985,-9.45408878891274e-08,2026-04-11T01:19:50.255545,baseline
2026-04-10,HAL,DECREASE,0.0577429473033864,0.0577428527624985,-9.45408878891274e-08,2026-04-11T01:19:50.255545,baseline
2026-04-10,MPC,SELL,0.0577429473033864,0.0,-0.0577429473033864,2026-04-11T01:19:50.255545,baseline
2026-04-10,SATS,DECREASE,0.0577429473033864,0.0577428527624985,-9.45408878891274e-08,2026-04-11T01:19:50.255545,baseline
2026-04-10,SLB,DECREASE,0.0577429473033864,0.0577428527624985,-9.45408878891274e-08,2026-04-11T01:19:50.255545,baseline
2026-04-10,VLO,DECREASE,0.0577429473033864,0.0577428527624985,-9.45408878891274e-08,2026-04-11T01:19:50.255545,baseline
2026-04-13,AMD,BUY,0.0,0.0548669828966837,0.0548669828966837,2026-04-13T17:30:15.718177,baseline
2026-04-13,AVGO,BUY,0.0,0.0548669828966837,0.0548669828966837,2026-04-13T17:30:15.718177,baseline
2026-04-13,BF-B,SELL,0.0577428527624985,0.0,-0.0577428527624985,2026-04-13T17:30:15.718177,baseline
2026-04-13,CIEN,BUY,0.0,0.0548669828966837,0.0548669828966837,2026-04-13T17:30:15.718177,baseline
2026-04-13,COHR,BUY,0.0,0.0548669828966837,0.0548669828966837,2026-04-13T17:30:15.718177,baseline
2026-04-13,CTRA,SELL,0.0577428527624985,0.0,-0.0577428527624985,2026-04-13T17:30:15.718177,baseline
2026-04-13,ETR,SELL,0.0577428527624985,0.0,-0.0577428527624985,2026-04-13T17:30:15.718177,baseline
2026-04-13,GLW,BUY,0.0,0.0548669828966837,0.0548669828966837,2026-04-13T17:30:15.718177,baseline
2026-04-13,HAL,SELL,0.0577428527624985,0.0,-0.0577428527624985,2026-04-13T17:30:15.718177,baseline
2026-04-13,INTC,BUY,0.0,0.0548669828966837,0.0548669828966837,2026-04-13T17:30:15.718177,baseline
2026-04-13,LITE,BUY,0.0,0.0548669828966837,0.0548669828966837,2026-04-13T17:30:15.718177,baseline
2026-04-13,LRCX,BUY,0.0,0.0548669828966837,0.0548669828966837,2026-04-13T17:30:15.718177,baseline
2026-04-13,MPWR,BUY,0.0,0.0548669828966837,0.0548669828966837,2026-04-13T17:30:15.718177,baseline
2026-04-13,SATS,SELL,0.0577428527624985,0.0,-0.0577428527624985,2026-04-13T17:30:15.718177,baseline
2026-04-13,SBAC,BUY,0.0,0.0548669828966837,0.0548669828966837,2026-04-13T17:30:15.718177,baseline
2026-04-13,SLB,SELL,0.0577428527624985,0.0,-0.0577428527624985,2026-04-13T17:30:15.718177,baseline
2026-04-13,SNDK,BUY,0.0,0.0548669828966837,0.0548669828966837,2026-04-13T17:30:15.718177,baseline
2026-04-13,STX,BUY,0.0,0.0548669828966837,0.0548669828966837,2026-04-13T17:30:15.718177,baseline
2026-04-13,TER,BUY,0.0,0.0548669828966837,0.0548669828966837,2026-04-13T17:30:15.718177,baseline
2026-04-13,VLO,SELL,0.0577428527624985,0.0,-0.0577428527624985,2026-04-13T17:30:15.718177,baseline
2026-04-13,VRT,BUY,0.0,0.0548669828966837,0.0548669828966837,2026-04-13T17:30:15.718177,baseline
2026-04-13,WDC,BUY,0.0,0.0548669828966837,0.0548669828966837,2026-04-13T17:30:15.718177,baseline
2026-04-14,(none),NO_CHANGE,0.0,0.0,0.0,2026-04-14T17:17:58.833021,baseline
2026-04-14,AMAT,BUY,0.0,0.0302807517595374,0.0302807517595374,2026-04-14T17:17:58.833021,improved_diversified
2026-04-14,AMD,BUY,0.0,0.0302807517595374,0.0302807517595374,2026-04-14T17:17:58.833021,improved_diversified
2026-04-14,AMZN,BUY,0.0,0.0302807517595374,0.0302807517595374,2026-04-14T17:17:58.833021,improved_diversified
2026-04-14,ANET,BUY,0.0,0.0302807517595374,0.0302807517595374,2026-04-14T17:17:58.833021,improved_diversified
2026-04-14,AVGO,BUY,0.0,0.0302807517595374,0.0302807517595374,2026-04-14T17:17:58.833021,improved_diversified
2026-04-14,BF-B,BUY,0.0,0.0302807517595374,0.0302807517595374,2026-04-14T17:17:58.833021,improved_diversified
2026-04-14,CARR,BUY,0.0,0.0302807517595374,0.0302807517595374,2026-04-14T17:17:58.833021,improved_diversified
2026-04-14,CIEN,BUY,0.0,0.0302807517595374,0.0302807517595374,2026-04-14T17:17:58.833021,improved_diversified
2026-04-14,CMI,BUY,0.0,0.0302807517595374,0.0302807517595374,2026-04-14T17:17:58.833021,improved_diversified
2026-04-14,COHR,BUY,0.0,0.0302807517595374,0.0302807517595374,2026-04-14T17:17:58.833021,improved_diversified
2026-04-14,CRH,BUY,0.0,0.0302807517595374,0.0302807517595374,2026-04-14T17:17:58.833021,improved_diversified
2026-04-14,FCX,BUY,0.0,0.0302807517595374,0.0302807517595374,2026-04-14T17:17:58.833021,improved_diversified
2026-04-14,FIX,BUY,0.0,0.0302807517595374,0.0302807517595374,2026-04-14T17:17:58.833021,improved_diversified
2026-04-14,GEV,BUY,0.0,0.0302807517595374,0.0302807517595374,2026-04-14T17:17:58.833021,improved_diversified
2026-04-14,GLW,BUY,0.0,0.0302807517595374,0.0302807517595374,2026-04-14T17:17:58.833021,improved_diversified
2026-04-14,INTC,BUY,0.0,0.0302807517595374,0.0302807517595374,2026-04-14T17:17:58.833021,improved_diversified
2026-04-14,JBL,BUY,0.0,0.0302807517595374,0.0302807517595374,2026-04-14T17:17:58.833021,improved_diversified
2026-04-14,KLAC,BUY,0.0,0.0302807517595374,0.0302807517595374,2026-04-14T17:17:58.833021,improved_diversified
2026-04-14,LII,BUY,0.0,0.0302807517595374,0.0302807517595374,2026-04-14T17:17:58.833021,improved_diversified
2026-04-14,LITE,BUY,0.0,0.0302807517595374,0.0302807517595374,2026-04-14T17:17:58.833021,improved_diversified
2026-04-14,LRCX,BUY,0.0,0.0302807517595374,0.0302807517595374,2026-04-14T17:17:58.833021,improved_diversified
2026-04-14,MPWR,BUY,0.0,0.0302807517595374,0.0302807517595374,2026-04-14T17:17:58.833021,improved_diversified
2026-04-14,MU,BUY,0.0,0.0302807517595374,0.0302807517595374,2026-04-14T17:17:58.833021,improved_diversified
2026-04-14,SBAC,BUY,0.0,0.0302807517595374,0.0302807517595374,2026-04-14T17:17:58.833021,improved_diversified
2026-04-14,SMCI,BUY,0.0,0.0302807517595374,0.0302807517595374,2026-04-14T17:17:58.833021,improved_diversified
2026-04-14,SNDK,BUY,0.0,0.0302807517595374,0.0302807517595374,2026-04-14T17:17:58.833021,improved_diversified
2026-04-14,STX,BUY,0.0,0.0302807517595374,0.0302807517595374,2026-04-14T17:17:58.833021,improved_diversified
2026-04-14,TER,BUY,0.0,0.0302807517595374,0.0302807517595374,2026-04-14T17:17:58.833021,improved_diversified
2026-04-14,VRT,BUY,0.0,0.0302807517595374,0.0302807517595374,2026-04-14T17:17:58.833021,improved_diversified
2026-04-14,WDC,BUY,0.0,0.0302807517595374,0.0302807517595374,2026-04-14T17:17:58.833021,improved_diversified
2026-04-15,AMD,DECREASE,0.0548669828966837,0.0548669811855072,-1.7111764435973063e-09,2026-04-15T23:07:23.026132,baseline
2026-04-15,AVGO,DECREASE,0.0548669828966837,0.0548669811855072,-1.7111764435973063e-09,2026-04-15T23:07:23.026132,baseline
2026-04-15,CIEN,DECREASE,0.0548669828966837,0.0548669811855072,-1.7111764435973063e-09,2026-04-15T23:07:23.026132,baseline
2026-04-15,COHR,DECREASE,0.0548669828966837,0.0548669811855072,-1.7111764435973063e-09,2026-04-15T23:07:23.026132,baseline
2026-04-15,GLW,DECREASE,0.0548669828966837,0.0548669811855072,-1.7111764435973063e-09,2026-04-15T23:07:23.026132,baseline
2026-04-15,INTC,DECREASE,0.0548669828966837,0.0548669811855072,-1.7111764435973063e-09,2026-04-15T23:07:23.026132,baseline
2026-04-15,LITE,DECREASE,0.0548669828966837,0.0548669811855072,-1.7111764435973063e-09,2026-04-15T23:07:23.026132,baseline
2026-04-15,LRCX,DECREASE,0.0548669828966837,0.0548669811855072,-1.7111764435973063e-09,2026-04-15T23:07:23.026132,baseline
2026-04-15,MPWR,DECREASE,0.0548669828966837,0.0548669811855072,-1.7111764435973063e-09,2026-04-15T23:07:23.026132,baseline
2026-04-15,SBAC,DECREASE,0.0548669828966837,0.0548669811855072,-1.7111764435973063e-09,2026-04-15T23:07:23.026132,baseline
2026-04-15,SNDK,DECREASE,0.0548669828966837,0.0548669811855072,-1.7111764435973063e-09,2026-04-15T23:07:23.026132,baseline
2026-04-15,STX,DECREASE,0.0548669828966837,0.0548669811855072,-1.7111764435973063e-09,2026-04-15T23:07:23.026132,baseline
2026-04-15,TER,DECREASE,0.0548669828966837,0.0548669811855072,-1.7111764435973063e-09,2026-04-15T23:07:23.026132,baseline
2026-04-15,VRT,DECREASE,0.0548669828966837,0.0548669811855072,-1.7111764435973063e-09,2026-04-15T23:07:23.026132,baseline
2026-04-15,WDC,DECREASE,0.0548669828966837,0.0548669811855072,-1.7111764435973063e-09,2026-04-15T23:07:23.026132,baseline
2026-04-15,AMAT,INCREASE,0.0302807517595374,0.0302807535213402,1.761802859850947e-09,2026-04-15T23:07:23.026132,improved_diversified
2026-04-15,AMD,INCREASE,0.0302807517595374,0.0302807535213402,1.761802859850947e-09,2026-04-15T23:07:23.026132,improved_diversified
2026-04-15,AMZN,INCREASE,0.0302807517595374,0.0302807535213402,1.761802859850947e-09,2026-04-15T23:07:23.026132,improved_diversified
2026-04-15,ANET,INCREASE,0.0302807517595374,0.0302807535213402,1.761802859850947e-09,2026-04-15T23:07:23.026132,improved_diversified
2026-04-15,AVGO,INCREASE,0.0302807517595374,0.0302807535213402,1.761802859850947e-09,2026-04-15T23:07:23.026132,improved_diversified
2026-04-15,BF-B,INCREASE,0.0302807517595374,0.0302807535213402,1.761802859850947e-09,2026-04-15T23:07:23.026132,improved_diversified
2026-04-15,CARR,INCREASE,0.0302807517595374,0.0302807535213402,1.761802859850947e-09,2026-04-15T23:07:23.026132,improved_diversified
2026-04-15,CIEN,INCREASE,0.0302807517595374,0.0302807535213402,1.761802859850947e-09,2026-04-15T23:07:23.026132,improved_diversified
2026-04-15,CMI,INCREASE,0.0302807517595374,0.0302807535213402,1.761802859850947e-09,2026-04-15T23:07:23.026132,improved_diversified
2026-04-15,COHR,INCREASE,0.0302807517595374,0.0302807535213402,1.761802859850947e-09,2026-04-15T23:07:23.026132,improved_diversified
2026-04-15,CRH,INCREASE,0.0302807517595374,0.0302807535213402,1.761802859850947e-09,2026-04-15T23:07:23.026132,improved_diversified
2026-04-15,FCX,INCREASE,0.0302807517595374,0.0302807535213402,1.761802859850947e-09,2026-04-15T23:07:23.026132,improved_diversified
2026-04-15,FIX,INCREASE,0.0302807517595374,0.0302807535213402,1.761802859850947e-09,2026-04-15T23:07:23.026132,improved_diversified
2026-04-15,GEV,INCREASE,0.0302807517595374,0.0302807535213402,1.761802859850947e-09,2026-04-15T23:07:23.026132,improved_diversified
2026-04-15,GLW,INCREASE,0.0302807517595374,0.0302807535213402,1.761802859850947e-09,2026-04-15T23:07:23.026132,improved_diversified
2026-04-15,INTC,INCREASE,0.0302807517595374,0.0302807535213402,1.761802859850947e-09,2026-04-15T23:07:23.026132,improved_diversified
2026-04-15,JBL,INCREASE,0.0302807517595374,0.0302807535213402,1.761802859850947e-09,2026-04-15T23:07:23.026132,improved_diversified
2026-04-15,KLAC,INCREASE,0.0302807517595374,0.0302807535213402,1.761802859850947e-09,2026-04-15T23:07:23.026132,improved_diversified
2026-04-15,LII,INCREASE,0.0302807517595374,0.0302807535213402,1.761802859850947e-09,2026-04-15T23:07:23.026132,improved_diversified
2026-04-15,LITE,INCREASE,0.0302807517595374,0.0302807535213402,1.761802859850947e-09,2026-04-15T23:07:23.026132,improved_diversified
2026-04-15,LRCX,INCREASE,0.0302807517595374,0.0302807535213402,1.761802859850947e-09,2026-04-15T23:07:23.026132,improved_diversified
2026-04-15,MPWR,INCREASE,0.0302807517595374,0.0302807535213402,1.761802859850947e-09,2026-04-15T23:07:23.026132,improved_diversified
2026-04-15,MU,INCREASE,0.0302807517595374,0.0302807535213402,1.761802859850947e-09,2026-04-15T23:07:23.026132,improved_diversified
2026-04-15,SBAC,INCREASE,0.0302807517595374,0.0302807535213402,1.761802859850947e-09,2026-04-15T23:07:23.026132,improved_diversified
2026-04-15,SMCI,INCREASE,0.0302807517595374,0.0302807535213402,1.761802859850947e-09,2026-04-15T23:07:23.026132,improved_diversified
2026-04-15,SNDK,INCREASE,0.0302807517595374,0.0302807535213402,1.761802859850947e-09,2026-04-15T23:07:23.026132,improved_diversified
2026-04-15,STX,INCREASE,0.0302807517595374,0.0302807535213402,1.761802859850947e-09,2026-04-15T23:07:23.026132,improved_diversified
2026-04-15,TER,INCREASE,0.0302807517595374,0.0302807535213402,1.761802859850947e-09,2026-04-15T23:07:23.026132,improved_diversified
2026-04-15,VRT,INCREASE,0.0302807517595374,0.0302807535213402,1.761802859850947e-09,2026-04-15T23:07:23.026132,improved_diversified
2026-04-15,WDC,INCREASE,0.0302807517595374,0.0302807535213402,1.761802859850947e-09,2026-04-15T23:07:23.026132,improved_diversified
2026-04-16,AMD,INCREASE,0.0548669811855072,0.0548669826395411,1.4540338655333331e-09,2026-04-16T17:27:24.638677,baseline
2026-04-16,AVGO,INCREASE,0.0548669811855072,0.0548669826395411,1.4540338655333331e-09,2026-04-16T17:27:24.638677,baseline
2026-04-16,CIEN,INCREASE,0.0548669811855072,0.0548669826395411,1.4540338655333331e-09,2026-04-16T17:27:24.638677,baseline
2026-04-16,COHR,INCREASE,0.0548669811855072,0.0548669826395411,1.4540338655333331e-09,2026-04-16T17:27:24.638677,baseline
2026-04-16,GLW,INCREASE,0.0548669811855072,0.0548669826395411,1.4540338655333331e-09,2026-04-16T17:27:24.638677,baseline
2026-04-16,INTC,INCREASE,0.0548669811855072,0.0548669826395411,1.4540338655333331e-09,2026-04-16T17:27:24.638677,baseline
2026-04-16,LITE,INCREASE,0.0548669811855072,0.0548669826395411,1.4540338655333331e-09,2026-04-16T17:27:24.638677,baseline
2026-04-16,LRCX,INCREASE,0.0548669811855072,0.0548669826395411,1.4540338655333331e-09,2026-04-16T17:27:24.638677,baseline
2026-04-16,MPWR,INCREASE,0.0548669811855072,0.0548669826395411,1.4540338655333331e-09,2026-04-16T17:27:24.638677,baseline
2026-04-16,SBAC,INCREASE,0.0548669811855072,0.0548669826395411,1.4540338655333331e-09,2026-04-16T17:27:24.638677,baseline
2026-04-16,SNDK,INCREASE,0.0548669811855072,0.0548669826395411,1.4540338655333331e-09,2026-04-16T17:27:24.638677,baseline
2026-04-16,STX,INCREASE,0.0548669811855072,0.0548669826395411,1.4540338655333331e-09,2026-04-16T17:27:24.638677,baseline
2026-04-16,TER,INCREASE,0.0548669811855072,0.0548669826395411,1.4540338655333331e-09,2026-04-16T17:27:24.638677,baseline
2026-04-16,VRT,INCREASE,0.0548669811855072,0.0548669826395411,1.4540338655333331e-09,2026-04-16T17:27:24.638677,baseline
2026-04-16,WDC,INCREASE,0.0548669811855072,0.0548669826395411,1.4540338655333331e-09,2026-04-16T17:27:24.638677,baseline
2026-04-16,AMAT,DECREASE,0.0302807535213402,0.0302807500059599,-3.5153803132348393e-09,2026-04-16T17:27:24.638677,improved_diversified
2026-04-16,AMD,DECREASE,0.0302807535213402,0.0302807500059599,-3.5153803132348393e-09,2026-04-16T17:27:24.638677,improved_diversified
2026-04-16,AMZN,DECREASE,0.0302807535213402,0.0302807500059599,-3.5153803132348393e-09,2026-04-16T17:27:24.638677,improved_diversified
2026-04-16,ANET,DECREASE,0.0302807535213402,0.0302807500059599,-3.5153803132348393e-09,2026-04-16T17:27:24.638677,improved_diversified
2026-04-16,AVGO,DECREASE,0.0302807535213402,0.0302807500059599,-3.5153803132348393e-09,2026-04-16T17:27:24.638677,improved_diversified
2026-04-16,BF-B,DECREASE,0.0302807535213402,0.0302807500059599,-3.5153803132348393e-09,2026-04-16T17:27:24.638677,improved_diversified
2026-04-16,CARR,SELL,0.0302807535213402,0.0,-0.0302807535213402,2026-04-16T17:27:24.638677,improved_diversified
2026-04-16,CIEN,DECREASE,0.0302807535213402,0.0302807500059599,-3.5153803132348393e-09,2026-04-16T17:27:24.638677,improved_diversified
2026-04-16,CMI,DECREASE,0.0302807535213402,0.0302807500059599,-3.5153803132348393e-09,2026-04-16T17:27:24.638677,improved_diversified
2026-04-16,COHR,DECREASE,0.0302807535213402,0.0302807500059599,-3.5153803132348393e-09,2026-04-16T17:27:24.638677,improved_diversified
2026-04-16,CRH,DECREASE,0.0302807535213402,0.0302807500059599,-3.5153803132348393e-09,2026-04-16T17:27:24.638677,improved_diversified
2026-04-16,FCX,DECREASE,0.0302807535213402,0.0302807500059599,-3.5153803132348393e-09,2026-04-16T17:27:24.638677,improved_diversified
2026-04-16,FIX,DECREASE,0.0302807535213402,0.0302807500059599,-3.5153803132348393e-09,2026-04-16T17:27:24.638677,improved_diversified
2026-04-16,GEV,DECREASE,0.0302807535213402,0.0302807500059599,-3.5153803132348393e-09,2026-04-16T17:27:24.638677,improved_diversified
2026-04-16,GLW,DECREASE,0.0302807535213402,0.0302807500059599,-3.5153803132348393e-09,2026-04-16T17:27:24.638677,improved_diversified
2026-04-16,INTC,DECREASE,0.0302807535213402,0.0302807500059599,-3.5153803132348393e-09,2026-04-16T17:27:24.638677,improved_diversified
2026-04-16,JBL,DECREASE,0.0302807535213402,0.0302807500059599,-3.5153803132348393e-09,2026-04-16T17:27:24.638677,improved_diversified
2026-04-16,KLAC,DECREASE,0.0302807535213402,0.0302807500059599,-3.5153803132348393e-09,2026-04-16T17:27:24.638677,improved_diversified
2026-04-16,LII,DECREASE,0.0302807535213402,0.0302807500059599,-3.5153803132348393e-09,2026-04-16T17:27:24.638677,improved_diversified
2026-04-16,LITE,DECREASE,0.0302807535213402,0.0302807500059599,-3.5153803132348393e-09,2026-04-16T17:27:24.638677,improved_diversified
2026-04-16,LRCX,DECREASE,0.0302807535213402,0.0302807500059599,-3.5153803132348393e-09,2026-04-16T17:27:24.638677,improved_diversified
2026-04-16,MPWR,DECREASE,0.0302807535213402,0.0302807500059599,-3.5153803132348393e-09,2026-04-16T17:27:24.638677,improved_diversified
2026-04-16,MU,DECREASE,0.0302807535213402,0.0302807500059599,-3.5153803132348393e-09,2026-04-16T17:27:24.638677,improved_diversified
2026-04-16,SBAC,DECREASE,0.0302807535213402,0.0302807500059599,-3.5153803132348393e-09,2026-04-16T17:27:24.638677,improved_diversified
2026-04-16,SMCI,DECREASE,0.0302807535213402,0.0302807500059599,-3.5153803132348393e-09,2026-04-16T17:27:24.638677,improved_diversified
2026-04-16,SNDK,DECREASE,0.0302807535213402,0.0302807500059599,-3.5153803132348393e-09,2026-04-16T17:27:24.638677,improved_diversified
2026-04-16,STX,DECREASE,0.0302807535213402,0.0302807500059599,-3.5153803132348393e-09,2026-04-16T17:27:24.638677,improved_diversified
2026-04-16,TER,DECREASE,0.0302807535213402,0.0302807500059599,-3.5153803132348393e-09,2026-04-16T17:27:24.638677,improved_diversified
2026-04-16,VRT,DECREASE,0.0302807535213402,0.0302807500059599,-3.5153803132348393e-09,2026-04-16T17:27:24.638677,improved_diversified
2026-04-16,WDC,DECREASE,0.0302807535213402,0.0302807500059599,-3.5153803132348393e-09,2026-04-16T17:27:24.638677,improved_diversified
2026-04-17,AMD,INCREASE,0.05486698263954112,0.054866986941095944,4.301554820673736e-09,2026-04-17T18:36:56.796745,baseline
2026-04-17,AVGO,INCREASE,0.05486698263954112,0.054866986941095944,4.301554820673736e-09,2026-04-17T18:36:56.796745,baseline
2026-04-17,CIEN,INCREASE,0.05486698263954112,0.054866986941095944,4.301554820673736e-09,2026-04-17T18:36:56.796745,baseline
2026-04-17,COHR,INCREASE,0.05486698263954112,0.054866986941095944,4.301554820673736e-09,2026-04-17T18:36:56.796745,baseline
2026-04-17,GLW,INCREASE,0.05486698263954112,0.054866986941095944,4.301554820673736e-09,2026-04-17T18:36:56.796745,baseline
2026-04-17,INTC,INCREASE,0.05486698263954112,0.054866986941095944,4.301554820673736e-09,2026-04-17T18:36:56.796745,baseline
2026-04-17,LITE,INCREASE,0.05486698263954112,0.054866986941095944,4.301554820673736e-09,2026-04-17T18:36:56.796745,baseline
2026-04-17,LRCX,INCREASE,0.05486698263954112,0.054866986941095944,4.301554820673736e-09,2026-04-17T18:36:56.796745,baseline
2026-04-17,MPWR,INCREASE,0.05486698263954112,0.054866986941095944,4.301554820673736e-09,2026-04-17T18:36:56.796745,baseline
2026-04-17,SBAC,INCREASE,0.05486698263954112,0.054866986941095944,4.301554820673736e-09,2026-04-17T18:36:56.796745,baseline
2026-04-17,SNDK,INCREASE,0.05486698263954112,0.054866986941095944,4.301554820673736e-09,2026-04-17T18:36:56.796745,baseline
2026-04-17,STX,INCREASE,0.05486698263954112,0.054866986941095944,4.301554820673736e-09,2026-04-17T18:36:56.796745,baseline
2026-04-17,TER,INCREASE,0.05486698263954112,0.054866986941095944,4.301554820673736e-09,2026-04-17T18:36:56.796745,baseline
2026-04-17,VRT,INCREASE,0.05486698263954112,0.054866986941095944,4.301554820673736e-09,2026-04-17T18:36:56.796745,baseline
2026-04-17,WDC,INCREASE,0.05486698263954112,0.054866986941095944,4.301554820673736e-09,2026-04-17T18:36:56.796745,baseline
2026-04-17,AMAT,DECREASE,0.0302807500059599,0.0302807489985875,-1.0073724354686675e-09,2026-04-17T18:36:56.796745,improved_diversified
2026-04-17,AMD,DECREASE,0.0302807500059599,0.0302807489985875,-1.0073724354686675e-09,2026-04-17T18:36:56.796745,improved_diversified
2026-04-17,AMZN,DECREASE,0.0302807500059599,0.0302807489985875,-1.0073724354686675e-09,2026-04-17T18:36:56.796745,improved_diversified
2026-04-17,ANET,DECREASE,0.0302807500059599,0.0302807489985875,-1.0073724354686675e-09,2026-04-17T18:36:56.796745,improved_diversified
2026-04-17,AVGO,DECREASE,0.0302807500059599,0.0302807489985875,-1.0073724354686675e-09,2026-04-17T18:36:56.796745,improved_diversified
2026-04-17,BF-B,DECREASE,0.0302807500059599,0.0302807489985875,-1.0073724354686675e-09,2026-04-17T18:36:56.796745,improved_diversified
2026-04-17,CIEN,DECREASE,0.0302807500059599,0.0302807489985875,-1.0073724354686675e-09,2026-04-17T18:36:56.796745,improved_diversified
2026-04-17,CMI,DECREASE,0.0302807500059599,0.0302807489985875,-1.0073724354686675e-09,2026-04-17T18:36:56.796745,improved_diversified
2026-04-17,COHR,DECREASE,0.0302807500059599,0.0302807489985875,-1.0073724354686675e-09,2026-04-17T18:36:56.796745,improved_diversified
2026-04-17,CRH,DECREASE,0.0302807500059599,0.0302807489985875,-1.0073724354686675e-09,2026-04-17T18:36:56.796745,improved_diversified
2026-04-17,FCX,DECREASE,0.0302807500059599,0.0302807489985875,-1.0073724354686675e-09,2026-04-17T18:36:56.796745,improved_diversified
2026-04-17,FIX,DECREASE,0.0302807500059599,0.0302807489985875,-1.0073724354686675e-09,2026-04-17T18:36:56.796745,improved_diversified
2026-04-17,GEV,DECREASE,0.0302807500059599,0.0302807489985875,-1.0073724354686675e-09,2026-04-17T18:36:56.796745,improved_diversified
2026-04-17,GLW,DECREASE,0.0302807500059599,0.0302807489985875,-1.0073724354686675e-09,2026-04-17T18:36:56.796745,improved_diversified
2026-04-17,INTC,DECREASE,0.0302807500059599,0.0302807489985875,-1.0073724354686675e-09,2026-04-17T18:36:56.796745,improved_diversified
2026-04-17,JBL,DECREASE,0.0302807500059599,0.0302807489985875,-1.0073724354686675e-09,2026-04-17T18:36:56.796745,improved_diversified
2026-04-17,KLAC,DECREASE,0.0302807500059599,0.0302807489985875,-1.0073724354686675e-09,2026-04-17T18:36:56.796745,improved_diversified
2026-04-17,LII,DECREASE,0.0302807500059599,0.0302807489985875,-1.0073724354686675e-09,2026-04-17T18:36:56.796745,improved_diversified
2026-04-17,LITE,DECREASE,0.0302807500059599,0.0302807489985875,-1.0073724354686675e-09,2026-04-17T18:36:56.796745,improved_diversified
2026-04-17,LRCX,DECREASE,0.0302807500059599,0.0302807489985875,-1.0073724354686675e-09,2026-04-17T18:36:56.796745,improved_diversified
2026-04-17,MPWR,DECREASE,0.0302807500059599,0.0302807489985875,-1.0073724354686675e-09,2026-04-17T18:36:56.796745,improved_diversified
2026-04-17,MU,DECREASE,0.0302807500059599,0.0302807489985875,-1.0073724354686675e-09,2026-04-17T18:36:56.796745,improved_diversified
2026-04-17,SBAC,DECREASE,0.0302807500059599,0.0302807489985875,-1.0073724354686675e-09,2026-04-17T18:36:56.796745,improved_diversified
2026-04-17,SMCI,DECREASE,0.0302807500059599,0.0302807489985875,-1.0073724354686675e-09,2026-04-17T18:36:56.796745,improved_diversified
2026-04-17,SNDK,DECREASE,0.0302807500059599,0.0302807489985875,-1.0073724354686675e-09,2026-04-17T18:36:56.796745,improved_diversified
2026-04-17,STX,DECREASE,0.0302807500059599,0.0302807489985875,-1.0073724354686675e-09,2026-04-17T18:36:56.796745,improved_diversified
2026-04-17,TER,DECREASE,0.0302807500059599,0.0302807489985875,-1.0073724354686675e-09,2026-04-17T18:36:56.796745,improved_diversified
2026-04-17,VRT,DECREASE,0.0302807500059599,0.0302807489985875,-1.0073724354686675e-09,2026-04-17T18:36:56.796745,improved_diversified
2026-04-17,WDC,DECREASE,0.0302807500059599,0.0302807489985875,-1.0073724354686675e-09,2026-04-17T18:36:56.796745,improved_diversified
