date,model_daily_return,spy_daily_return
2020-01-02,0.0,0.0
2020-01-03,0.0,-0.007572233484322677
2020-01-06,0.0,0.009828776280216722
2020-01-07,0.0,-0.0028117773480448305
2020-01-08,0.0,0.005329536027487647
2020-01-09,0.0,0.006780649119067839
2020-01-10,0.0,-0.002877705369570993
2020-01-13,0.0,0.004779550502713947
2020-01-14,0.0,-0.0015246225991427664
2020-01-15,0.0,0.0022598570981489097
2020-01-16,0.0,0.008318385587676502
2020-01-17,0.0,0.0031125309364881115
2020-01-21,0.008643881817554946,0.0012088059953530017
2020-01-22,0.0015305134583710669,0.00012076228915192111
2020-01-23,0.005404195014892332,0.0011468729613461903
2020-01-24,-0.003170958669052261,-0.008893079091328304
2020-01-27,0.008982295125820333,0.0014549770067151524
2020-01-28,0.023444502797411136,0.010479179747874712
2020-01-29,-0.006082038036151395,-0.0008260256329346571
2020-01-30,0.005118269077780353,0.003245354156022895
2020-01-31,-0.029157881973977003,-0.018157903510881312
2020-02-03,0.007524321612547252,0.0023812865289551954
2020-02-04,0.011163437270047856,0.015241276427947925
2020-02-05,0.003663804951018639,0.011548008938072618
2020-02-06,0.0039265571165566435,0.0033648551464744436
2020-02-07,-0.00661454774691544,-0.005329656628371482
2020-02-10,0.005771922691067063,0.010415667587546862
2020-02-11,0.012648955610889197,0.001733049786473595
2020-02-12,0.009538891763124526,0.006442771577855
2020-02-13,-0.009797863821288633,-0.0010669665544832396
2020-02-14,-0.003738054478696729,0.0016021140118476218
2020-02-18,0.002946242554603025,0.0006537731845075445
2020-02-19,0.009818518084760742,0.00478123511131856
2020-02-20,0.0016159150439254786,-0.004108246574168639
2020-02-21,-0.013757818960438803,-0.010298267087080704
2020-02-24,-0.00029219400082181046,-0.002228140088086805
2020-02-25,-0.02751647175689958,-0.030302149756096908
2020-02-26,-0.0006495789893582667,-0.0036782149973914047
2020-02-27,-0.045486054448890166,-0.044911686145666097
2020-02-28,-0.018812612510626475,-0.004201539306138757
2020-03-02,0.012255150690026627,0.036484374080576254
2020-03-03,-0.02157015991250924,-0.02863245724019159
2020-03-04,0.031128270293055517,0.04203302533861675
2020-03-05,-0.02259166769910874,-0.033241687602835635
2020-03-06,-0.00716822626768124,-0.016531112018967953
2020-03-09,0.006299567885568852,-0.003886585013019528
2020-03-10,0.010503505066016737,0.05174489250964487
2020-03-11,-0.020137691537910462,-0.04874844817138435
2020-03-12,-0.048661983150737914,-0.09567716191402476
2020-03-13,0.014935096846381089,0.08548630309818406
2020-03-16,-0.0030727688703985016,-0.005514497937868179
2020-03-17,0.05074855210558883,0.05399206428476466
2020-03-18,-0.019799673229419973,-0.05063292285300003
2020-03-19,-0.014745877054147077,0.002124977111816584
2020-03-20,-0.026702919288488065,-0.048688169816349824
2020-03-23,-0.0006746676710711688,-0.022963343867396513
2020-03-24,0.03765116031468732,0.09060326182884704
2020-03-25,0.0017859542548485752,0.014970180880193862
2020-03-26,0.019266912897126367,0.05838980231338309
2020-03-27,-0.021022021944737505,-0.029785657253030173
2020-03-30,-0.005605729338249938,0.023269444737015643
2020-03-31,-0.01653135382160548,-0.01490538500844496
2020-04-01,-0.04316893610101604,-0.045004873340506735
2020-04-02,-3.040876350855767e-05,0.023075393359379692
2020-04-03,-0.0033674586394605768,-0.014454192761712337
2020-04-06,0.005912070662606692,0.027226144560103194
2020-04-07,0.0037895385080972703,0.0010194802770664424
2020-04-08,0.02369360358372709,0.03356841448563386
2020-04-09,0.003505033197624724,0.015217361041894195
2020-04-13,-0.00698718349632272,-0.009130152528647795
2020-04-14,0.00014158840052978252,0.029492870836560936
2020-04-15,-0.01213444221003811,-0.021248101052656954
2020-04-16,-0.0067830157087988155,0.004824295401707923
2020-04-17,0.01449601724040684,0.027015436689475925
2020-04-20,0.006152180079738743,-0.0036091754238726237
2020-04-21,-0.01865610383307024,-0.030363251195576146
2020-04-22,0.013501979256128956,0.022194540612888725
2020-04-23,0.01656797062763244,-7.172888144824086e-05
2020-04-24,0.008329470552515495,0.013938708741589423
2020-04-27,0.017693445976911755,0.006769054113472395
2020-04-28,0.010908187297083776,-0.004598421399664487
2020-04-29,0.04356359791718194,0.026178490817010847
2020-04-30,-0.017679711555758027,-0.009310666581320293
2020-05-01,-0.03664844866273126,-0.026473430702838252
2020-05-04,0.036809680810489326,0.010080562756595857
2020-05-05,-0.016645047739131603,0.00923932379841541
2020-05-06,-0.014028347801158103,-0.006778721915009722
2020-05-07,0.014606336896009604,0.01206681680134114
2020-05-08,0.021655565524400795,0.0165461967700673
2020-05-11,0.001487485821694926,0.007439566333794501
2020-05-12,-0.012446840430963783,-0.01993157802483969
2020-05-13,-0.02420720222661148,-0.01768586558320595
2020-05-14,0.002795173670339178,0.011967311946537107
2020-05-15,0.002516148584356496,0.004596966533256808
2020-05-18,-0.00600594288198477,0.006654196513425026
2020-05-19,-0.00257762641212878,-0.010271182302701298
2020-05-20,0.007414004874925083,0.016988017379665044
2020-05-21,-0.006095807072622787,-0.006903943163488857
2020-05-22,0.00583702376033286,0.0018990692801170717
2020-05-26,-0.004504117233981043,-0.009439294447888824
2020-05-27,0.022889445573667115,0.014879003633885723
2020-05-28,-0.021360759008893032,-0.0018449496288533984
2020-05-29,-0.012869621804068844,0.004455906849114788
2020-06-01,0.011744000706927665,0.006356605977272167
2020-06-02,0.005966405612851166,0.008280146883890893
2020-06-03,0.011536266453546315,0.01330825201965502
2020-06-04,0.00713766329999435,-0.002626713253435109
2020-06-05,0.026112328138450193,0.025629532893630236
2020-06-08,0.02176608419296895,0.009306136328049774
2020-06-09,-0.061269043625380167,-0.007456694217466864
2020-06-10,-0.044341864290742966,-0.0055800009265912776
2020-06-11,0.0,-0.057648948741183426
2020-06-12,0.0,0.011975670399988259
2020-06-15,0.03906630822899849,0.03029997688806918
2020-06-16,0.0192468651334559,0.019247692222981838
2020-06-17,-0.016836512736387626,-0.004153846588902832
2020-06-18,0.002364773563412642,0.00038501930237289095
2020-06-19,-0.01786232456767831,-0.010071153195051807
2020-06-22,0.002066525086957333,0.008539254411518815
2020-06-23,6.29717152865921e-05,0.00460367232715253
2020-06-24,-0.01448213198803804,-0.025508706189596886
2020-06-25,0.0061639693345417685,0.010720542618582574
2020-06-26,-0.011194823886657952,-0.023751482562483606
2020-06-29,-0.00023987068432624437,0.010119066241702779
2020-06-30,0.0067934378623809005,0.012809544787298677
2020-07-01,-0.002291811011818601,0.007004811793744015
2020-07-02,0.004282772578419613,0.005506962621272482
2020-07-06,0.004809747627938941,0.01543726303379489
2020-07-07,-0.005684548619059338,-0.010313796371464123
2020-07-08,0.0055619807196942185,0.007648651621585456
2020-07-09,0.00216919830470522,-0.005692921230517234
2020-07-10,-0.0027359953795150793,0.01021054585285941
2020-07-13,-0.029464846466387522,-0.016524563346876353
2020-07-14,0.01970786626519781,0.012959017714715637
2020-07-15,0.01778802145648947,0.009187233639839087
2020-07-16,0.0009825708371672284,-0.0032934520381920906
2020-07-17,0.0013756322213339144,0.0028990699554503063
2020-07-20,-0.002972636942533987,0.008991116928383835
2020-07-21,0.0012173710854838833,0.0021275358467678362
2020-07-22,0.01191404719835149,0.005692057260856531
2020-07-23,-0.002462077185301118,-0.011931695745166393
2020-07-24,-0.007114391044369752,-0.006440384652273368
2020-07-27,0.01535287423005143,0.00494355723580564
2020-07-28,-0.017903137472400056,-0.006342391514221224
2020-07-29,0.032953355654451975,0.012298725050001957
2020-07-30,-0.008617017617531409,-0.0035679247032814887
2020-07-31,-0.01856984427735211,0.007902202821698623
2020-08-03,0.0018612471827604725,0.0014315339005186445
2020-08-04,0.007486805807276115,0.0038626143759423748
2020-08-05,0.00021652158991312238,0.0062109550025215565
2020-08-06,-0.0011887562996960408,0.006684536203731106
2020-08-07,-0.005225688532056757,0.0007179157167860328
2020-08-10,0.015197877760531416,0.0015221445990007965
2020-08-11,-0.008189269878470708,-0.008254669579494611
2020-08-12,0.000865008769039731,0.013942352219447729
2020-08-13,-0.003903847321440878,-0.001807775796370037
2020-08-14,0.009002761906731934,2.9717560858788516e-05
2020-08-17,-0.008003054472214648,-8.876954216774369e-05
2020-08-18,-0.021142452604353223,0.002160371040858866
2020-08-19,-1.52030487515541e-05,-0.0041637243123001655
2020-08-20,-0.01169370625879186,0.0031135656933312106
2020-08-21,-0.007419377593016933,0.0035473933172565086
2020-08-24,0.0014457092056705566,0.0023384143632787513
2020-08-25,-0.0037116568713089527,0.0034993049179556923
2020-08-26,-0.00014180158819280516,0.010025608090155735
2020-08-27,0.0005022720149162258,0.002186550139632537
2020-08-28,0.010882039266906887,0.006459392204906322
2020-08-31,-0.03053975456794815,-0.0029684844492756657
2020-09-01,0.00030028064823012257,0.009418592562241423
2020-09-02,0.02939071155130844,0.01446399890877581
2020-09-03,-0.011154890162872856,-0.03441430567094561
2020-09-04,0.01845447421659042,-0.00816470426074467
2020-09-08,-0.00037027527625078265,-0.010394701935855566
2020-09-09,-0.007711483136934291,0.019747358298320528
2020-09-10,-0.005622618218511289,-0.017363647394312287
2020-09-11,-0.00047886658600186535,0.0005090985135784987
2020-09-14,0.018158435435080965,0.0028741629345199193
2020-09-15,-0.006124759143608406,0.0050523607393142544
2020-09-16,0.020842833895240952,-0.003968621719216969
2020-09-17,-0.004755919558329845,-0.008795262741012055
2020-09-18,-0.018040582916021997,-0.015453794955930578
2020-09-21,-0.018868839862862207,0.003899259951100742
2020-09-22,-0.0010765039943219992,0.010184379483847206
2020-09-23,-0.017620565668335808,-0.023190958000678163
2020-09-24,0.002843339798662053,0.002665464023424269
2020-09-25,0.00817124006368871,0.016166958226671246
2020-09-28,0.003971519727293327,0.0029109933892013107
2020-09-29,0.0019174129478964754,-0.005446025646855923
2020-09-30,0.0018497896899821941,0.007581970599847665
2020-10-01,0.013962721372595823,0.006420000007290261
2020-10-02,-0.006352904115057242,-0.009494458004693396
2020-10-05,0.010529156612873677,0.011009975105371383
2020-10-06,-0.01224753668340366,-0.014215967009112207
2020-10-07,0.025337459652402985,0.017406673685050666
2020-10-08,0.018918152845792187,0.008862510057295214
2020-10-09,-0.001229337231491246,0.00893015107080064
2020-10-12,-9.353224000728695e-06,0.008123791777913558
2020-10-13,-0.0031354276115286785,-0.006526084160733192
2020-10-14,0.00036528182639082157,-0.006283415235342593
2020-10-15,0.005182680279771565,-0.0012358597557926565
2020-10-16,0.004289118261435482,-0.0006042919570593552
2020-10-19,-0.009703989467137932,-0.019044842240355297
2020-10-20,0.012993285172366729,0.004005716435394158
2020-10-21,-0.00962873441205426,-0.0018929287880528056
2020-10-22,0.016789418447276824,0.005485292518808249
2020-10-23,0.0014670157060706394,0.003395181444149742
2020-10-26,-0.02559746771611973,-0.008008623024202466
2020-10-27,-0.025922299376683767,-0.0034474008581141247
2020-10-28,-0.03872443812978929,-0.03417892944495127
2020-10-29,0.024886553203051543,0.010163495031527914
2020-10-30,0.008326401218882874,-0.010424881286366094
2020-11-02,0.022601333016106312,0.0
2020-11-03,0.015272511882948921,0.017655924762989716
2020-11-04,-0.014386716111810012,0.022349224155303826
2020-11-05,0.016067806449873503,0.019502769758408034
2020-11-06,-0.005485825712209043,-0.00022837646898088426
2020-11-09,-0.01398311061069313,-0.025853789132482485
2020-11-10,-0.009438669408337213,-0.0014665755224850807
2020-11-11,0.023067441255630237,0.007428552760524454
2020-11-12,-0.011215655777363847,-0.009700905157134287
2020-11-13,0.01503468672934653,0.01384449694724843
2020-11-16,-0.00014439440184189879,0.004404665880380021
2020-11-17,0.004606550731464613,-0.0053783053414221405
2020-11-18,-0.013085272565331279,-0.012034818913688627
2020-11-19,0.01052148976518385,0.004210171789433614
2020-11-20,-0.007363686318297399,-0.006847817696322922
2020-11-23,0.03186308316186461,0.0005037860400700644
2020-11-24,0.028891687765750074,0.016113718747035932
2020-11-25,-0.00800331574204778,-0.0015417585945479706
2020-11-27,-0.00406029153323822,0.0027850045646777843
2020-11-30,-0.02814442914718836,-0.0021221757907777805
2020-12-01,-0.003496123463977012,0.010937390161245952
2020-12-02,0.018227077992084534,0.002103763604072606
2020-12-03,0.027673369922634625,-0.00027265220203875895
2020-12-04,0.03292471565415795,0.008617643352887061
2020-12-07,-0.0027948159736152535,0.00018971146903412617
2020-12-08,0.013523809823447093,0.00292616191324524
2020-12-09,-0.00558740385249618,-0.008968871609766116
2020-12-10,0.020633546349394374,-0.0003270958571379712
2020-12-11,-0.01442461875915337,-0.0011725879542903161
2020-12-14,-0.02787571018998886,-0.01079647034553144
2020-12-15,0.019573253692016644,0.01351942254777505
2020-12-16,-0.0006031092903206284,0.0015693527844120592
2020-12-17,0.0024101863570297126,0.00559196242686677
2020-12-18,-0.0064674911618805755,-0.008220496558327905
2020-12-21,0.001667412399859312,0.007918415544273083
2020-12-22,0.007956005519032177,-0.0016854105960858456
2020-12-23,-0.00849336263746634,0.000898641484096574
2020-12-24,0.0020596554182563103,0.003890395427502469
2020-12-28,-0.0066586135244832145,0.008590822297383172
2020-12-29,-0.002864397192128272,-0.0019077893087540154
2020-12-30,0.004714793294637707,0.0014267990940848296
2020-12-31,0.004093394069162369,0.005080821253407031
2021-01-04,-0.01271942458007237,-0.013613983822124975
2021-01-05,0.0044890380495571066,0.006887328746690624
2021-01-06,-0.00018657626903416792,0.005978513184986545
2021-01-07,0.017316515381136075,0.0148574983052141
2021-01-08,0.004576765506511161,0.005697714659280706
2021-01-11,0.021200853273694607,0.002223094678634352
2021-01-12,0.0301888489914172,0.0002112191284424636
2021-01-13,-0.016697942504160925,0.0026929787492038226
2021-01-14,0.016948805841023446,-0.003501980199372312
2021-01-15,-0.027751981915595737,-0.007292657904037436
2021-01-19,0.007807378911733324,0.0008193623766832303
2021-01-20,-0.00081975341850451,0.013838692292137411
2021-01-21,-0.01097957930255237,0.0009116558716901757
2021-01-22,-0.005209229643379242,-0.0035394164744094736
2021-01-25,-0.004668901226473594,0.001876615830021633
2021-01-26,-0.006795660830356164,-0.001560930514972858
2021-01-27,-0.02563735354422736,-0.024440461382450485
2021-01-28,-0.0025516433732419627,0.008600200820512827
2021-01-29,-0.01345843844824582,-0.02001958917681801
2021-02-01,0.005070440444694132,0.006716284270112505
2021-02-02,-0.005449371992699291,0.014140224467191764
2021-02-03,-0.006455996601313904,0.0007863145594164678
2021-02-04,0.0008715213618918274,0.011365709751263386
2021-02-05,0.00747153823337234,0.0039358580078789895
2021-02-08,0.004408551496717301,0.0031855030877028234
2021-02-09,0.0006439581093044598,-0.0006658210010571652
2021-02-10,0.015111861820491616,-0.00043565260149747154
2021-02-11,0.0017496843594466426,0.0016150658954552366
2021-02-12,0.008410614549436918,0.004939784585931806
2021-02-16,-0.0033294682892399613,-0.00421363513583739
2021-02-17,-0.012860007063112074,0.00022948472666328712
2021-02-18,-0.012270223005385855,-0.004256003887434856
2021-02-19,0.018232225732984716,-0.0017659767589335296
2021-02-22,0.015774769372235455,-7.750420990570994e-05
2021-02-23,0.01595884489815157,0.0012143793044092632
2021-02-24,0.04163191012479887,0.011019326486895187
2021-02-25,-0.04540516398167162,-0.024095777385022776
2021-02-26,0.006961140192841611,-0.005152620223082494
2021-03-01,-0.010168215742819956,0.010347753500530521
2021-03-02,0.0047172179901450425,-0.0078032191902133174
2021-03-03,0.007801525287780524,-0.013245705500087857
2021-03-04,-0.015839276821861117,-0.012374812685589043
2021-03-05,-0.002407561675555533,0.01839658203136052
2021-03-08,-0.005415112711912872,-0.007643119673000354
2021-03-09,-0.017381755114597035,0.014277512809395931
2021-03-10,0.011852625563103973,0.006224586256551756
2021-03-11,-0.00019549260811231562,0.010139155868312377
2021-03-12,-0.0005547189964659193,0.0013467811372471772
2021-03-15,0.0036409324491762656,0.005274813381362264
2021-03-16,-0.016760861532873192,-0.001261320338490246
2021-03-17,0.011204894274571815,0.0034098812634899556
2021-03-18,-0.011838708413165363,-0.014549661776192768
2021-03-19,-0.0011275209605685105,-0.005108817676184874
2021-03-22,-0.003039444576832476,0.006563591432982019
2021-03-23,-0.014516808154733442,-0.00787079743934982
2021-03-24,-0.0032354426954355254,-0.005083468514321288
2021-03-25,0.015554184066529772,0.005625576112623598
2021-03-26,0.014640545822141766,0.016114956588609175
2021-03-29,-0.015042073019916247,0.003498998235721862
2021-03-30,0.005471037612194478,-0.002652958199523048
2021-03-31,0.007424135778615604,0.0040533416294838975
2021-04-01,0.024856853552924437,0.010799078859294209
2021-04-05,0.01607730650637248,0.01435311202978129
2021-04-06,-0.0063913381330967306,-0.0005905853012750928
2021-04-07,-0.0022925421948437746,0.0011572964304984446
2021-04-08,8.469751119651926e-05,0.004746778556197873
2021-04-09,0.009149425777644868,0.007270149076117116
2021-04-12,-0.0024843533547833072,0.0019228636562873547
2021-04-13,0.0028186392861676516,0.002963683460576405
2021-04-14,-0.01060171934772398,-0.003415136352656112
2021-04-15,0.013119873016062098,0.01074245419619091
2021-04-16,-0.002669104023858507,0.0033424259137662116
2021-04-19,-0.00522215665581246,-0.0025225058519027233
2021-04-20,-0.006061635941626836,-0.007321543531961572
2021-04-21,0.013474200006536399,0.009462100030157128
2021-04-22,-0.01057082365989225,-0.009133122416069228
2021-04-23,0.01819733787611269,0.010842412350696051
2021-04-26,0.0024679063737779792,0.0004072032128259462
2021-04-27,0.004934815117249428,-0.00021550331899955477
2021-04-28,-0.010471705148253845,-0.00028739969425406464
2021-04-29,-0.0012502259910650794,0.006372792767143753
2021-04-30,-0.013447185964090058,-0.006570513216364926
2021-05-03,0.006871097094623708,-0.0029325048046833224
2021-05-04,0.003806796535859887,-0.00616933767224892
2021-05-05,0.010287430196610329,0.00031279746965928723
2021-05-06,0.002554732844393838,0.007985585867032574
2021-05-07,0.014637157822241382,0.007277991122397465
2021-05-10,-0.013907786447004283,-0.01079289362980751
2021-05-11,-0.01136198854352138,-0.008924752271951109
2021-05-12,-0.020446116832048607,-0.021245233032779476
2021-05-13,0.0060037432542998995,0.01201251837200945
2021-05-14,0.02787318749836822,0.015355337359152399
2021-05-17,0.026671844973644845,0.0003128971825294702
2021-05-18,-0.011278090963847473,-0.008615678347420719
2021-05-19,-0.017986092592249703,-0.0026217825009539064
2021-05-20,0.00021059834397138013,0.010757955472233016
2021-05-21,0.00026463200640372336,-0.0008187158998506083
2021-05-24,0.0004294677226050097,0.004384954966938137
2021-05-25,-0.0035422895073004613,-0.00221872548981783
2021-05-26,0.006094984492475719,0.0019845474111135353
2021-05-27,0.002864584327134448,0.0005249748654354569
2021-05-28,0.0028202058551012347,0.001788738068438045
2021-06-01,-0.005751394117752657,-0.006862753735996652
2021-06-02,0.005083361898615032,0.0015726001939970757
2021-06-03,-0.002697273048768615,-0.0037113639483952188
2021-06-04,0.008669625909304762,0.00914587289042501
2021-06-07,0.015246963967422112,-0.0009465294965583793
2021-06-08,0.0022277604111260317,0.00021316548797978285
2021-06-09,-0.007029259141668134,-0.0014919126755557066
2021-06-10,-0.0035122812950452334,0.004648384877148359
2021-06-11,-0.00100264563374743,0.0016524922245406692
2021-06-14,0.012781333287931445,0.001955604231951069
2021-06-15,-0.0032196673459299915,-0.0018341691233246804
2021-06-16,0.0013415635787345673,-0.005583362168830042
2021-06-17,0.02435197518538286,-0.00033162951770204785
2021-06-18,-0.00011253089895848546,-0.01670731988666041
2021-06-21,0.0029227489292521208,0.009740877345251642
2021-06-22,0.020027608470972146,0.0053461960706966405
2021-06-23,0.00794449775382159,-0.001205311303686507
2021-06-24,-0.002721516412267977,0.005915759498090534
2021-06-25,-0.0012215811511788225,0.0035520565193292164
2021-06-28,-0.0026977705675825807,0.0007022679109929264
2021-06-29,0.005456261208090174,0.0005380751530430494
2021-06-30,0.00015274521514205925,0.0008416772066590639
2021-07-01,0.015602593126776441,0.005536595642444242
2021-07-02,0.0050312926027792065,0.007643539253548326
2021-07-06,-0.011379869808134126,-0.0019595327260537587
2021-07-07,-0.00833345475301115,0.003534055863952723
2021-07-08,-0.011702588408668191,-0.008147995435639044
2021-07-09,0.01630517226478416,0.010674778247933281
2021-07-12,0.007760311974517668,0.003789343692989222
2021-07-13,-0.008220053914233416,-0.0034089646750015135
2021-07-14,0.002153422534114207,0.0014922149313552069
2021-07-15,-0.0006225615368514564,-0.0034155287633637066
2021-07-16,-0.005729838782210223,-0.007843596692603483
2021-07-19,-0.012678730837981824,-0.0028625758786327005
2021-07-20,0.012640612207628632,0.014330414665499891
2021-07-21,-0.01205235645544621,0.008096298088761111
2021-07-22,-0.0005654096638608389,0.002094128840576248
2021-07-23,0.018815718360118035,0.010287996771777719
2021-07-26,-0.004097651166999004,0.003892448304343654
2021-07-27,-0.010701945770553663,-0.00455756949371422
2021-07-28,0.009439599361590348,-0.0004100662612578354
2021-07-29,0.0028520467917129686,0.00414740874577646
2021-07-30,-0.009153946600213719,-0.004856426098946209
2021-08-02,-0.010134455628233377,-0.006245174235523732
2021-08-03,0.02947295361823077,0.008135463763766726
2021-08-04,0.014841263142312315,-0.004918923133127029
2021-08-05,-0.0058674170429516845,0.006332859605726826
2021-08-06,-0.0007156878984071321,0.0016524367362660275
2021-08-09,0.016432683597948257,-0.0007457997980346853
2021-08-10,0.005389328892028776,0.001243950392180615
2021-08-11,-0.004619694440470535,0.002484878742467167
2021-08-12,0.006043738437572517,0.0029969502364324274
2021-08-13,-0.005693231374648635,0.0018198380239258238
2021-08-16,0.0007791429485309888,0.005488948885579381
2021-08-17,-0.012062762645816945,-0.00655523338877162
2021-08-18,-0.011222196977732685,-0.010944995440988259
2021-08-19,-0.008605839741632256,0.0015483234371360677
2021-08-20,0.0028362582270545287,0.00795707751684338
2021-08-23,0.0038082943751270196,0.004717418650013405
2021-08-24,-0.0001061932292864345,0.0015874244054374653
2021-08-25,0.00426052116115207,0.0020983602447592897
2021-08-26,-0.0013289779920146023,-0.005903174076911433
2021-08-27,0.005510104518185871,0.008940954033659798
2021-08-30,-0.017233367481208864,0.0027939990735843523
2021-08-31,0.0004176088322150771,-0.0014815766566952382
2021-09-01,-0.01212807084329944,0.0005314692082394323
2021-09-02,0.018268373929979494,0.0030766150641741152
2021-09-03,-0.005652992303195203,-0.00024275881759971973
2021-09-07,0.0038191324465749544,-0.002761149573885735
2021-09-08,-0.012313193217144705,-0.0012182425981892564
2021-09-09,0.003432140670036909,-0.004280217028024724
2021-09-10,-0.010225869561941273,-0.007884557125706015
2021-09-13,-0.011563614455770256,-0.004591717209589841
2021-09-14,0.0037454255318526,-0.005396509510041114
2021-09-15,0.011754874524992465,0.008352638275707758
2021-09-16,0.0009894510069087317,-0.0015852269521696716
2021-09-17,-0.0120130507695532,-0.012903413372959749
2021-09-20,-0.006482504616930756,-0.0019315588862656163
2021-09-21,0.001133272625091655,-0.0009446218183523092
2021-09-22,0.015700445940227698,0.00975481498309394
2021-09-23,0.02856659164909731,0.012150019417616509
2021-09-24,0.009211083233415497,0.0016472110618543923
2021-09-27,0.00703343092629733,-0.00038387324381439214
2021-09-28,-0.009049205019229444,-0.02015184604315312
2021-09-29,-0.004794449702943952,0.001683138855191224
2021-09-30,-0.013550486385272701,-0.012222344134872332
2021-10-01,0.03931366776677692,0.0118841762871158
2021-10-04,0.0027520895420464274,-0.010069250234555405
2021-10-05,0.0015945118831932142,0.010404981575824479
2021-10-06,-0.009150165135738233,0.004156055801436631
2021-10-07,0.004616368750123518,0.008645688246479821
2021-10-08,0.014014627557733554,-0.001823777649815339
2021-10-11,-0.010446143562302328,-0.005650107969649043
2021-10-12,0.002843807856708177,-0.0024615411401439635
2021-10-13,-0.006396836984937979,0.003597614446197772
2021-10-14,0.008196998375894944,0.01682064306130049
2021-10-15,0.003650833132225645,0.007615808174435079
2021-10-18,0.006932897729576194,0.007252745031983476
2021-10-19,0.005097351504632335,0.007714868821297571
2021-10-20,0.005359341830845478,0.003927722696912994
2021-10-21,8.152284787934648e-05,0.0026082373648450563
2021-10-22,0.004657916322043006,-0.001036180745822679
2021-10-25,0.006431116347963361,0.0027956084729341413
2021-10-26,0.0017009347678708646,0.0009000190387353779
2021-10-27,-0.012689323142514784,-0.004430189164679854
2021-10-28,0.004380476716142814,0.00964886297584644
2021-10-29,0.0007681352977361656,0.0020291339259019825
2021-11-01,0.018478917324959227,-0.0005648039429535512
2021-11-02,0.01798844814388586,0.004043094767878008
2021-11-03,0.010239932647883327,0.006105233516956243
2021-11-04,0.04330989350089951,0.004712520303954415
2021-11-05,-0.02600128452997388,0.0034696089278050124
2021-11-08,-0.007519951274560101,-0.0016393858020821162
2021-11-09,-0.0016251127094042595,-0.003305371414023539
2021-11-10,-0.01522160118502834,-0.008044866546158214
2021-11-11,0.00519907797878014,0.0003235276693500655
2021-11-12,-0.0066518324074062146,0.007546844519723317
2021-11-15,-0.006520253390488692,-0.0025819860337020772
2021-11-16,0.009585164995919621,0.003957824984497149
2021-11-17,-0.006339004363817662,-0.002429219514628267
2021-11-18,0.008716485150460779,0.0033964119454403807
2021-11-19,0.006951057681194337,-0.0017882535035962377
2021-11-22,-0.014071132672195445,-0.0070504942150819705
2021-11-23,-0.00037991691180607346,0.0013259941986774049
2021-11-24,0.010806723569496295,0.00266985624101701
2021-11-26,-0.009309621467933614,-0.022303172218498757
2021-11-29,0.0009938497503967597,0.0011420664359516053
2021-11-30,-0.020070455449856736,-0.019457616070086114
2021-12-01,-0.013421761147147642,-0.011107203410551714
2021-12-02,0.006548172711417476,0.015316301657013032
2021-12-03,-0.001909654709912065,-0.008701312903057756
2021-12-06,0.0004043122413640136,0.005831678761831993
2021-12-07,0.006044889983638631,0.020684823247291373
2021-12-08,-0.0014662329339907253,0.0026479675356780863
2021-12-09,0.00019722689684758388,-0.006751539837133391
2021-12-10,0.011212823434894614,0.009413496458462456
2021-12-13,-0.01240501137380933,-0.0076990048669497435
2021-12-14,-0.012286856393566328,-0.006880043556733995
2021-12-15,0.02781544649033826,0.015625045279773042
2021-12-16,-0.018250228009466744,-0.008818516452742009
2021-12-17,-0.007020081629991544,-0.014106585738330568
2021-12-20,-0.008791440468114623,0.0011001583962182426
2021-12-21,0.0012679468250037284,0.017758992432985066
2021-12-22,0.0028876465069317117,0.009998714868966196
2021-12-23,0.0014046742040478173,0.006222077972414919
2021-12-27,0.010611368090895856,0.014152153794584565
2021-12-28,-0.00074778964730651,-0.0008171953242616103
2021-12-29,-4.734729413224747e-05,0.0012792079086265673
2021-12-30,-0.0007200178481708621,-0.0027645289726202504
2021-12-31,-0.0006751619009707013,-0.0025201869073463445
2022-01-03,-0.009324252201233582,0.0029603268911317926
2022-01-04,0.007090722243618595,-0.00033493890638958135
2022-01-05,-0.025901430421404092,-0.01920214248677088
2022-01-06,0.0067261076177392454,-0.0009394133755054046
2022-01-07,0.0009938851664613119,-0.003953511334494952
2022-01-10,-0.008082358497029126,0.006073044055456833
2022-01-11,0.01338211225959476,0.009108268663244656
2022-01-12,0.003623132107748216,0.002703542338843734
2022-01-13,0.0005327618933680589,-0.013778587715492119
2022-01-14,0.01827414709625808,0.0004090208208415991
2022-01-18,-0.02188896895726271,-0.007069213183615308
2022-01-19,-0.022946146956611888,-0.010383557878106742
2022-01-20,-0.02826655012529489,-0.011068068622025473
2022-01-21,-0.02435202746440582,-0.01963064132886827
2022-01-24,0.002734999190821552,0.018077442725414672
2022-01-25,-0.003232230839918344,-0.012208974085799573
2022-01-26,-0.008594753525404432,-0.0025087953939929575
2022-01-27,-0.0017983454718897133,-0.004937963506221665
2022-01-28,0.0045654720366559804,0.024835410015744408
2022-01-31,0.00896108727243569,0.019649201386141568
2022-02-01,0.010070285468188252,0.006756925874457753
2022-02-02,0.007869451251527822,0.009714082741812957
2022-02-03,-0.010548284475934974,-0.02350497399483331
2022-02-04,0.0010386195302755814,0.004702207959730531
2022-02-07,0.001621852841235623,-0.00500545027055832
2022-02-08,0.005940297629440441,0.008227859847585561
2022-02-09,0.020643080647743443,0.014636106949445393
2022-02-10,-0.011516032613879441,-0.017965644680657533
2022-02-11,-0.011958469723990646,-0.019718721011120044
2022-02-14,-0.015580548983803257,-0.002045881948060879
2022-02-15,0.010835746891778106,0.01612686726577106
2022-02-16,0.00902038582943816,0.0011208249118113134
2022-02-17,-0.008209528402690285,-0.02136141606480546
2022-02-18,-0.010545174014779243,-0.006475052825868022
2022-02-22,-0.018817954705614218,-0.0053717549504060935
2022-02-23,-0.01582959176680967,-0.01773865723226875
2022-02-24,-0.0010441464909499753,0.01504911814725074
2022-02-25,0.03410826651323171,0.02206400298007738
2022-02-28,0.023663440183052362,0.010647422902374748
2022-03-01,0.002008060037847087,-0.015230272363598085
2022-03-02,0.010694484345880216,0.018396212521518462
2022-03-03,-0.0020971280247205244,-0.004978472037343917
2022-03-04,0.0009281374614390711,-0.008124619808514866
2022-03-07,0.0021114725717833087,-0.028084800046389802
2022-03-08,-0.018255562985389787,-0.007581700715998729
2022-03-09,-0.005031572582498127,0.026810819608671155
2022-03-10,0.02104135667978735,-0.004515553354495161
2022-03-11,-0.00885633483845705,-0.012715059514942006
2022-03-14,-0.004241596414227236,-0.009242354327856361
2022-03-15,-0.014726859651454795,0.02199043987466287
2022-03-16,-0.005954315483963505,0.02217420604853415
2022-03-17,0.026454002239043185,0.01251093216133281
2022-03-18,0.00399345110640911,0.00782184603841607
2022-03-21,-0.008517579422039016,0.00011256765305645011
2022-03-22,0.023697396940623693,0.011701391836103525
2022-03-23,-0.01659662284465416,-0.01287841943122403
2022-03-24,0.01794987099347963,0.015074363734608909
2022-03-25,-0.012345090942986905,0.004883598425542646
2022-03-28,-0.0005089541637981653,0.00851658214464468
2022-03-29,-0.0018101871755740505,0.012370827763278136
2022-03-30,-0.0038048122534701098,-0.006174792896356585
2022-03-31,-0.008934168819611276,-0.015391317572948537
2022-04-01,-0.0035500012031486204,0.0028341128726010467
2022-04-04,0.003431635459230972,0.008099183171737634
2022-04-05,-0.009247269567194938,-0.01263132479829887
2022-04-06,-0.015119759285312112,-0.00999935653466788
2022-04-07,0.008200385685785667,0.005038968143330047
2022-04-08,-0.007314870838718837,-0.002673934796955657
2022-04-11,-0.01706057232109845,-0.009434536628378898
2022-04-12,0.0023936425807655785,-0.003705230116974989
2022-04-13,0.0025747591140153135,0.01145357848867623
2022-04-14,0.0009376301263913157,-0.01245175846263713
2022-04-18,0.0009944866572470124,0.0004111392957082405
2022-04-19,0.007188098190882293,0.01614267485104759
2022-04-20,0.00869147133162863,-0.0007415447679024467
2022-04-21,-0.01613216028172135,-0.014953551807383003
2022-04-22,-0.031172571819001654,-0.027439138658316153
2022-04-25,0.012674265174035557,0.011423976643360367
2022-04-26,-0.03022992257731511,-0.028960825603343676
2022-04-27,0.010783823484197326,0.002811782968023202
2022-04-28,0.019336635967413706,0.02525944549675363
2022-04-29,-0.034362977522965195,-0.03695565238965315
2022-05-02,0.0015220681924244242,0.005848529665526181
2022-05-03,0.01890463163721949,0.00458404228460374
2022-05-04,0.021965052467217288,0.030452933683378758
2022-05-05,-0.022092609271456655,-0.03554281472701826
2022-05-06,-0.005011345555840846,-0.0059689259207744705
2022-05-09,-0.03899184267390773,-0.017106868850578105
2022-05-10,0.006342844295598353,0.0023105278627999493
2022-05-11,-0.003563968354904637,-0.015886131940332726
2022-05-12,-0.003337952581568265,-0.0010439303936584654
2022-05-13,0.030243647458924376,0.02390784770955201
2022-05-16,0.0036407447713587976,0.00027497712020974063
2022-05-17,0.017654042684781015,0.020570399314302268
2022-05-18,-0.01977260320594428,-0.04031157346543279
2022-05-19,0.0024230793489044985,-0.006124621002910446
2022-05-20,-0.00421710692540061,0.0004365363104414932
2022-05-23,0.00030679928762184053,0.010411697159774524
2022-05-24,-0.004924911676709802,-0.007633776773134482
2022-05-25,0.00516864655283214,0.008834904007038569
2022-05-26,0.011447936189451181,0.01998138394687965
2022-05-27,0.015831541144764563,0.02454914082298898
2022-05-31,-0.01540250046319447,-0.0014992023588158432
2022-06-01,-0.008672152778948885,-0.00808852928373538
2022-06-02,0.027312714771223167,0.019043478552421167
2022-06-03,-0.008536156773759044,-0.016411523666384986
2022-06-06,-0.0058810474197470465,-0.0072086172023110295
2022-06-07,0.009739384337749247,0.009592223238758413
2022-06-08,-0.009803705238281134,-0.010872153557139663
2022-06-09,-0.01894018551871737,-0.023782886898168765
2022-06-10,-0.02470791094865641,-0.028995652096570623
2022-06-13,-0.008460853580094026,-0.012768213835947395
2022-06-14,-0.00195683224522735,-0.003013346354166613
2022-06-15,0.00036631460678938476,0.014256338190961726
2022-06-16,-0.03241488128356969,-0.03309603878307632
2022-06-17,-0.0013674046516580056,-0.0021546667341413306
2022-06-21,0.00956229884090183,0.008550895561924454
2022-06-22,0.004019621091540986,-0.0018129753446094465
2022-06-23,0.016980627943973786,0.0098025662185528
2022-06-24,0.016127996105863258,0.03179386629448655
2022-06-27,-0.010596674178396643,-0.006290734002990295
2022-06-28,-0.027290287956597943,-0.02043285343481205
2022-06-29,-0.015215080718747994,-0.000814390026440015
2022-06-30,-0.007534676644747131,-0.008124300277758567
2022-07-01,0.010613070880653715,0.010576514869118592
2022-07-05,0.009997195298847239,0.01617533918613523
2022-07-06,0.004143466534544256,0.0033773394433473936
2022-07-07,0.007966790855955589,0.014977143468688947
2022-07-08,-0.0018188030344316655,-0.0008225836516971841
2022-07-11,-0.01056610803667277,-0.004198510020893664
2022-07-12,-0.016761603625616562,-0.008848929851508869
2022-07-13,-0.002834031279815512,-0.005251687289652196
2022-07-14,-0.006150683520484577,-0.0024284849213771498
2022-07-15,0.010885229633446857,0.019105080973613298
2022-07-18,-0.016074881877085286,-0.016555931291368453
2022-07-19,0.03507126746598093,0.027019181769385003
2022-07-20,0.015815291577036265,0.006373161521445958
2022-07-21,0.009970203152050255,0.010183194374258298
2022-07-22,-0.01376066136843605,-0.009278096561475047
2022-07-25,-0.0026982610578050875,-0.0004548140891501573
2022-07-26,-0.009711196466785805,-0.011831009907547041
2022-07-27,0.030376706830612405,0.025966367817333857
2022-07-28,0.017761973121275414,0.0125423864754719
2022-07-29,0.007011324850992487,0.014578724858715031
2022-08-01,0.0035473826505635258,0.003959416207635069
2022-08-02,-0.0015771781340410051,-0.006597345296781021
2022-08-03,-0.005796186348637605,0.01565949783529086
2022-08-04,0.0011489630349549832,-0.0006755911956809468
2022-08-05,0.0028861129696885297,-0.00169015666112049
2022-08-08,-0.005080777165583574,-0.005442528032811533
2022-08-09,-0.016301008065011877,-0.003971002129927292
2022-08-10,0.030651335939327208,0.021003972292843898
2022-08-11,-0.00849495362141104,0.0
2022-08-12,0.015164090486863444,0.016929012677594724
2022-08-15,0.008084650662414688,0.009628731887080244
2022-08-16,0.0035047152423040868,0.0019587438421893033
2022-08-17,-0.014794842469221041,-0.0070980177423811686
2022-08-18,0.006066418077527577,0.002906412210693654
2022-08-19,-0.017649754704078112,-0.013438032679318979
2022-08-22,0.001950048233689062,-0.008871794263880739
2022-08-23,0.015923745000796463,-0.0024192572522898637
2022-08-24,0.011131489094605287,0.003201181774415529
2022-08-25,0.011944367006604815,0.014117523988503633
2022-08-26,-0.017965990047986546,-0.033849042636585946
2022-08-29,0.01230379320301788,0.001069101598037303
2022-08-30,-0.036347070396721325,-0.010977854044983193
2022-08-31,-0.01161284625044714,-0.007609047598793439
2022-09-01,-0.01999338348866193,0.0031378631887633013
2022-09-02,0.0029733814268131254,-0.010544430280438832
2022-09-06,-0.010397971080267236,-0.0060285276823222045
2022-09-07,0.00795868674071927,0.017964962734754897
2022-09-08,0.00479502756196603,0.006536291697658347
2022-09-09,0.006697763412243486,0.01553524437995768
2022-09-12,0.0016005898332099135,0.005357410949523134
2022-09-13,-0.027873767716531838,-0.043482480629019826
2022-09-14,0.008045332389722153,0.003815822886568565
2022-09-15,-0.0031762729271988593,-0.011353296799374357
2022-09-16,-0.007537734758320412,-0.011688705054002657
2022-09-19,0.013300866516470444,0.016454711104100017
2022-09-20,-0.014749134259318748,-0.011478552554876398
2022-09-21,-0.02181425380866545,-0.017443780763191308
2022-09-22,-0.011600035142260101,-0.008399833871300055
2022-09-23,-0.012510196382111604,-0.016754820675589643
2022-09-26,-0.00802584771765739,-0.005731301226841401
2022-09-27,-0.005640119682128487,-0.0025527509044867003
2022-09-28,0.020536726621224074,0.019676354781243965
2022-09-29,-0.012087620952121672,-0.020888970555351105
2022-09-30,-0.01104436986459318,-0.015463534653672784
2022-10-03,0.00786999287176784,0.015315162803104077
2022-10-04,0.025580546831576897,0.030986651545366062
2022-10-05,0.001011402011412034,-0.0023282400189708063
2022-10-06,-0.00011850041054869249,-0.010315797736977661
2022-10-07,-0.023577126651901637,-0.027893899575583414
2022-10-10,-0.026505325671188927,-0.010825372386823351
2022-10-11,-0.013672737890718174,-0.006332978303630554
2022-10-12,0.005885531297137295,-0.0032984645496529907
2022-10-13,0.024962096707788713,0.026391080677980572
2022-10-14,-0.030480720131080562,-0.022788743093893893
2022-10-17,-0.005714997059598796,0.0077195612296570015
2022-10-18,0.01162061987012049,0.011749625081884485
2022-10-19,-0.010310101960703482,-0.007086478722309053
2022-10-20,-0.005420691795158851,-0.008385336059404724
2022-10-21,0.014376679950562599,0.02430148270112431
2022-10-24,0.005238359873427542,0.00792779896411222
2022-10-25,0.015178728509157921,0.015968586556123432
2022-10-26,0.01090132293968851,-0.007534096209333541
2022-10-27,0.0011576440021654367,-0.00533997718970336
2022-10-28,0.009039095568568176,0.023790667313994707
2022-10-31,0.0029828207059049094,-0.0005952049085887756
2022-11-01,0.000888664505617228,-0.004375864112264538
2022-11-02,-0.019890009801722862,-0.025096208707478307
2022-11-03,0.00033075394137035063,-0.010296863984421645
2022-11-04,0.009431837789886266,0.014393132792465568
2022-11-07,0.006407101993269118,0.005930530837491954
2022-11-08,0.00339470120757983,0.00539541446797398
2022-11-09,-0.022236219086912794,-0.02060208145860598
2022-11-10,0.0438715200868563,0.054954153075837286
2022-11-11,0.019274548755889395,0.009678500343534235
2022-11-14,-0.011011613339205275,-0.003882439698240203
2022-11-15,0.018535238865949617,0.008529042212070292
2022-11-16,-0.03437798796604976,-0.007628743762310597
2022-11-17,-0.0066237298005920025,-0.0030598607543418366
2022-11-18,0.0031649276825519764,0.004540403280391958
2022-11-21,0.0014880575800875677,-0.00012674414324520544
2022-11-22,0.013085694285192932,0.01345699994392846
2022-11-23,0.0035359564941383446,0.006301624330362854
2022-11-25,-0.0010952162170166843,-0.0002237136634978265
2022-11-28,-0.005688755401843327,-0.007968109210857999
2022-11-29,0.00415612058302087,-0.0017175435565947028
2022-11-30,0.013899832873063851,0.03150059798946758
2022-12-01,0.003020921591615364,-0.0007358413421267862
2022-12-02,0.0016894036066387827,-0.0011537169597666264
2022-12-05,-0.007211088874095371,-0.01079345398535625
2022-12-06,-0.013870873373842173,-0.014414799715742554
2022-12-07,-0.002704396388501033,-0.0017011983165312605
2022-12-08,0.014023275215047875,0.007833926502128774
2022-12-09,-0.006781033592890338,-0.007470198687737906
2022-12-12,0.01263927904885263,0.012280903898314932
2022-12-13,0.016694553380392375,0.007569843141412402
2022-12-14,-0.0010828897945405868,-0.006393530155021865
2022-12-15,-0.026876235510085014,-0.024461665405543398
2022-12-16,-0.013560649680341352,-0.01632321892420352
2022-12-19,-0.01705039467447508,-0.008996824252350377
2022-12-20,0.009185639872943688,0.001368400469142994
2022-12-21,0.023175080005623863,0.014952442091866303
2022-12-22,-0.008768976901132153,-0.014266135745262032
2022-12-23,-0.002873384379158403,0.005752265272075174
2022-12-27,0.003838367206407764,-0.0036312720222799744
2022-12-28,-0.016998559294709854,-0.01242787181496774
2022-12-29,0.011170365678073155,0.018000315173837933
2022-12-30,0.002256079789362295,-0.002634075107433076
2023-01-03,-0.01031987175639815,-0.009235860858198275
2023-01-04,0.02408732144345567,0.007720189025948843
2023-01-05,5.080868548317733e-05,-0.011413395797773451
2023-01-06,0.01317342662752345,0.022932103899730993
2023-01-09,0.001708883519798106,-0.0064298224684802285
2023-01-10,0.02279045685413042,0.007012843096556365
2023-01-11,0.007047129637430953,0.01264786371867066
2023-01-12,0.017395513924320236,0.003640782972808232
2023-01-13,0.004675895160733586,0.0038795056884117773
2023-01-17,0.0046179302494715364,-0.0017818258208204263
2023-01-18,-0.019065705428728826,-0.015788015568668268
2023-01-19,-0.019250607666571565,-0.007279817254666643
2023-01-20,0.02436142993321763,0.018629039629190602
2023-01-23,0.019620604468720333,0.00985582690582354
2023-01-24,-0.0014139120927979527,-0.0010732912426441032
2023-01-25,0.005250115367420491,0.000374797331107235
2023-01-26,0.018560674572962742,0.010990368001509987
2023-01-27,0.007192650476521812,0.0022976965430050456
2023-01-30,-0.013225134392604313,-0.005486572795563416
2023-01-31,0.017593343454861,0.014703349315466685
2023-02-01,0.01713060206057996,0.010627771821197785
2023-02-02,0.047257457127597206,0.014556989201620407
2023-02-03,-0.020084550520698515,-0.010629091340170427
2023-02-06,-0.002158534499479132,9.755735013095013e-05
2023-02-07,0.005806391181746782,0.013078632712971494
2023-02-08,-0.005768338637430578,-0.010934773280246946
2023-02-09,-0.007917842853244768,-0.00866917718618343
2023-02-10,-0.009812118753174792,0.0023336663037101246
2023-02-13,0.0008548868929777772,0.010055748040926238
2023-02-14,0.004911301213749581,-0.00046016987623753725
2023-02-15,-6.72002223861438e-05,0.0032473737163669636
2023-02-16,-0.011328731200980031,-0.013768810222142602
2023-02-17,-0.013000871117869971,-0.002498258589011204
2023-02-21,-0.011572015923540811,-0.00984965326440268
2023-02-22,0.0020551487384066463,-0.0013781046831931043
2023-02-23,0.007266919360643941,0.005319403502116682
2023-02-24,-0.007929098339829174,-0.01068237093839386
2023-02-27,-0.002483596953146018,-0.0053516996948775875
2023-02-28,-0.005253006205345112,-0.0036959776232566854
2023-03-01,-0.004935190339998102,-0.003835914535380569
2023-03-02,0.008704385212023569,0.007777289862108905
2023-03-03,0.013442098792921799,0.016037819365946948
2023-03-06,-0.009788776560921983,-0.0014318888772862914
2023-03-07,-0.01799748731205944,-0.015328731891906533
2023-03-08,0.00044519510328555926,0.0016321199989792756
2023-03-09,-0.030900605259342843,-0.01844985365837981
2023-03-10,-0.03765518605375165,-0.01442944614289643
2023-03-13,0.0068779109421356135,0.009297786374553807
2023-03-14,0.020212350745885652,0.016530065073970368
2023-03-15,-0.0011321770988302322,-0.006254338800497861
2023-03-16,0.01945854466601874,0.01754517723408111
2023-03-17,-0.009116176699397741,-0.015450241961852518
2023-03-20,-0.002359690124394029,0.007523036164892805
2023-03-21,0.006256846599852311,0.013130526631691453
2023-03-22,-0.008126322994577955,-0.017046497325513887
2023-03-23,0.01395672552754999,0.0027033947508923184
2023-03-24,0.0002689064200592922,0.006562012575101583
2023-03-27,-0.005909289947988746,-0.0040942552567164725
2023-03-28,-0.004456297768874753,-0.002244657249312332
2023-03-29,0.006972086678513352,0.014534883496678752
2023-03-30,-0.0008306336414583664,0.005855253688247242
2023-03-31,0.009474227568186855,0.014094630342711412
2023-04-03,0.0009342382836802325,0.0051363729293525395
2023-04-04,-0.0025877330939700514,-0.0055481170740258046
2023-04-05,-0.018278772245944715,-0.0026182672793729767
2023-04-06,0.002679355803187766,0.003900874175862601
2023-04-10,0.006683604375374665,0.0010263762742257487
2023-04-11,0.010739107998573801,0.0002685868828276039
2023-04-12,-0.012286817965021493,-0.00407598707106982
2023-04-13,0.01141273694513729,0.013282719249790187
2023-04-14,-0.004273689141881403,-0.0024427643181926806
2023-04-17,0.007805898239146624,0.0038072782763272084
2023-04-18,0.003262333999866225,0.0006522418999841406
2023-04-19,-0.008095309183938356,-0.0001689404120717164
2023-04-20,-0.01121390054505573,-0.005457115192173623
2023-04-21,-0.0028668798353647324,0.0007769430912525355
2023-04-24,-0.001945147471234199,0.001553471355149716
2023-04-25,-0.014671143661496832,-0.015873829418699414
2023-04-26,-0.01347875792147766,-0.004235621743444495
2023-04-27,0.01986480139726964,0.01990804877378749
2023-04-28,0.008949249922655002,0.008535168842693563
2023-05-01,-0.007796186532658155,9.629707272318377e-05
2023-05-02,-0.015823739627656486,-0.011239232071373118
2023-05-03,-0.006879800578171208,-0.006864003868551016
2023-05-04,-0.009363713873716671,-0.007082947425800068
2023-05-05,0.003622601623222332,0.018512575986983304
2023-05-08,-0.0006304033590866867,-0.0005569677837330422
2023-05-09,-0.0032025163678271783,-0.004385321513347584
2023-05-10,0.0037749799033011543,0.0046723613801760155
2023-05-11,-0.00519687598176153,-0.001743977740241598
2023-05-12,-0.002744995511411005,-0.001310286896183177
2023-05-15,0.016937603134822527,0.0019164731031546811
2023-05-16,-0.008222618609781783,-0.006682670396272572
2023-05-17,0.012471701451450642,0.01213896645052559
2023-05-18,0.011797411576272907,0.009633215071565893
2023-05-19,-0.01205328687307723,-0.0014550863563069782
2023-05-22,0.010015901806974465,0.00035828848470287333
2023-05-23,-0.004126274267660069,-0.011222837486886017
2023-05-24,-0.0051924265248360245,-0.007244801918740551
2023-05-25,0.023412552878913813,0.008659898295524604
2023-05-26,0.028892704047371816,0.012950669712364915
2023-05-30,-0.015597881895458196,-0.004383589102354368
2023-05-31,-0.02433094162079018,-0.005545210654671839
2023-06-01,0.011968615797675785,0.00950101989401353
2023-06-02,-0.000556842262956885,0.014461158782416383
2023-06-05,-0.004728768312627904,-0.002755189780387912
2023-06-06,0.016142611932300398,0.0021774588210983215
2023-06-07,0.0028452259729337638,-0.003457727240027353
2023-06-08,0.002214834678639133,0.006048569132994341
2023-06-09,0.007337335673703933,0.0017943024372815142
2023-06-12,0.009628370570054393,0.0066833154077152734
2023-06-13,0.015185640978659523,0.006592936721117493
2023-06-14,-0.002690344061808918,0.0011908327057916779
2023-06-15,0.0023874049277952426,0.012397670338390565
2023-06-16,-0.012484254320599708,-0.007094474932526573
2023-06-20,-0.002996309896241594,-0.0006172580265518812
2023-06-21,-0.012377168822713402,-0.005123725403500368
2023-06-22,-0.00040262161597905924,0.0036097101103735874
2023-06-23,-0.007963619126021055,-0.007560006040454259
2023-06-26,-0.0070482221213184785,-0.002727550018721492
2023-06-27,0.028715250126550344,0.010963311143060928
2023-06-28,0.012055092671913391,0.0005043932731050305
2023-06-29,-0.002554278925993542,0.003941361271775801
2023-06-30,0.01591770508196303,0.011800720368392525
2023-07-03,0.006217448445508285,0.0019642262503667407
2023-07-05,-0.010701484496948735,-0.00148719811037068
2023-07-06,-0.015176042524560951,-0.007830661842952336
2023-07-07,0.009938193871552975,-0.002524714233486769
2023-07-10,0.008070194680928481,0.0033776325050585143
2023-07-11,0.01661986403627472,0.006368529703967729
2023-07-12,0.0011315863210531972,0.008045919692956538
2023-07-13,0.003261927749904525,0.007936883171425269
2023-07-14,-0.01793919823194802,-0.0006228285007950918
2023-07-17,0.003361771632124696,0.003807341830845301
2023-07-18,0.006629514521447038,0.007430587638025177
2023-07-19,-0.002464948374243446,0.002223760453105239
2023-07-20,-0.019103178937881157,-0.006634489126235876
2023-07-21,-0.006159296367836695,0.0
2023-07-24,0.010305425633168174,0.0018307719936985212
2023-07-25,-0.00744414263763676,0.00273005328280318
2023-07-26,0.017825641003201807,0.00015371360408278356
2023-07-27,-0.0145871033103776,-0.006629974021435614
2023-07-28,0.0037478585550291058,0.009790323076682261
2023-07-31,-0.00830633571081886,0.0008307751902452143
2023-08-01,-0.005605377414611764,-0.002861568697747563
2023-08-02,-0.015864316451678215,-0.013910808689727716
2023-08-03,0.003619826475417057,-0.0028658577098359395
2023-08-04,-0.004245761419219134,-0.004522767123829707
2023-08-07,0.013795490321161969,0.004457221898523711
2023-08-08,-0.005181958624468136,-0.004348675405997704
2023-08-09,-0.0028689818986289417,-0.006685236768802283
2023-08-10,0.0019349049419758856,0.0003589538129207259
2023-08-11,-0.001983837273849721,-0.0005830991982453959
2023-08-14,-0.00033095923797809364,0.007668030247194313
2023-08-15,-0.018259222745072634,-0.011648860489082202
2023-08-16,-0.001913730895852209,-0.007338164990194795
2023-08-17,-0.005485274844854117,-0.007619884432481627
2023-08-18,0.007313977379518551,0.00048131162979969666
2023-08-21,0.0007390519978916035,0.004090980676175304
2023-08-22,-0.005429116497570821,-0.002708613946659777
2023-08-23,0.004208246824755547,0.011137749516813678
2023-08-24,-0.01345288443478259,-0.013859070825400499
2023-08-25,0.007484703934078498,0.007049798505337934
2023-08-28,0.0039520150574387045,0.0011758763176854536
2023-08-29,0.023344663451435786,0.014454769525983568
2023-08-30,0.0034095649754947504,0.004118813092065299
2023-08-31,0.002492480935906685,-0.0014633902747576144
2023-09-01,0.002894951497548304,0.0018652077861804894
2023-09-05,-0.009205399677675325,-0.0033057944126962946
2023-09-06,0.0017473708516848301,-0.006722440297659893
2023-09-07,-0.0234504237524069,-0.003070223462506516
2023-09-08,-0.0037101826418497468,0.0015060872225780564
2023-09-11,-0.0036368329046625614,0.000468548048438322
2023-09-12,-0.013585141325149817,-0.005485610225651194
2023-09-13,-0.007011957659780872,0.001165989243338661
2023-09-14,0.008361289193323598,0.008622372403159329
2023-09-15,-0.017861582874428517,-0.015520895420845227
2023-09-18,-0.010310418153156151,0.0013091459334713118
2023-09-19,0.00220234307306828,-0.0020738304839804655
2023-09-20,-0.0030683822667235674,-0.009193324942280201
2023-09-21,-0.018672350192659247,-0.016528359834683037
2023-09-22,-0.014463080171518265,-0.0022485481530990503
2023-09-25,0.009383321073623541,0.00713003579666216
2023-09-26,-0.012596800475660386,-0.014691266090073651
2023-09-27,-0.003208281177268904,0.00039913334321273197
2023-09-28,0.005581506353595971,0.005797444646104211
2023-09-29,-0.00994591458895213,-0.0024269066881511536
2023-10-02,-0.010586608312192453,0.0016173701404142982
2023-10-03,-0.015888066325748264,-0.013386069255070021
2023-10-04,0.01441231680467127,0.007281973839242228
2023-10-05,-0.008089405611469373,-0.0003767806262175988
2023-10-06,0.012838541354706733,0.011872811648814707
2023-10-09,0.015134411497702905,0.011015534217152068
2023-10-10,0.006386046179370167,0.00520483924107662
2023-10-11,0.0092333041908237,0.004096282837700915
2023-10-12,-0.003439680637330133,-0.006096451268467362
2023-10-13,-0.014005474242421073,-0.004980868984616693
2023-10-16,0.00691160004497215,0.005117332495557125
2023-10-17,0.004256882890073663,-4.591214305493807e-05
2023-10-18,-5.2875493795928e-05,-0.013325071567788949
2023-10-19,-0.006704964147483843,-0.00878640397567687
2023-10-20,-0.01618000100832454,-0.01228804334679856
2023-10-23,0.010386964270326924,0.002025705138555045
2023-10-24,0.0054226520996437195,0.0075393937405647815
2023-10-25,-0.0018031895485893547,-0.014352187096675517
2023-10-26,-0.00971528198779004,-0.011974614168780984
2023-10-27,-0.0066201186079690374,-0.004532772203415858
2023-10-30,0.0023055556889796294,0.004908595587776343
2023-10-31,0.02058184707438905,0.006280266349382169
2023-11-01,0.0071083154991921586,0.010664732962442303
2023-11-02,0.024816885585133112,0.019164354406221662
2023-11-03,0.02602201905311331,0.009123392577504053
2023-11-06,-0.013343375008790646,0.0005052040785507028
2023-11-07,0.005030446898571222,0.0028460378421049093
2023-11-08,-0.018746798967663347,0.0007323995367287672
2023-11-09,-0.018204645060621864,-0.007798750513686392
2023-11-10,0.013209096339871223,0.01560480608246917
2023-11-13,-0.0006629171124951495,0.002185623548177862
2023-11-14,0.027313082951160063,0.019400732632628426
2023-11-15,0.002979094939179884,0.0021170451411642865
2023-11-16,0.0024729189360833,0.001223132715498343
2023-11-17,0.0008706770514908993,0.0012438032670611943
2023-11-20,0.007436635863226766,0.008279162312020416
2023-11-21,-0.00791031078210577,-0.0021794142796411897
2023-11-22,0.006766458087560154,0.0038608335923762116
2023-11-24,0.0015210721803937124,0.0006153548988119262
2023-11-27,0.0009455629633906286,-0.00037387641578845443
2023-11-28,-0.002273310504003934,0.000990102267592885
2023-11-29,0.010333856839752442,-0.0007034210304240895
2023-11-30,0.0030775180995506043,0.003937459806426347
2023-12-01,0.016306632481869907,0.005915890103284305
2023-12-04,0.01863354279751653,0.002392441447077287
2023-12-05,-0.013166416172057212,-0.00019706220282811326
2023-12-06,0.005298225246507691,-0.004029777295871284
2023-12-07,0.013060672629059335,0.007630400972353568
2023-12-08,0.0019693930657853544,0.004299153642213005
2023-12-11,0.0066315510080090356,0.005003345256049618
2023-12-12,0.008609421855694811,0.004567232870283933
2023-12-13,0.024289842059330945,0.013790118104538118
2023-12-14,0.032614341055963454,0.003209372509298536
2023-12-15,-0.011227454743352289,-0.00567789482831127
2023-12-18,-0.005285928809493011,0.002101979301205814
2023-12-19,0.025280173518924275,0.0060808846108111325
2023-12-20,-0.03469533130947021,-0.013857271129248727
2023-12-21,0.024742198756697614,0.009481916774461752
2023-12-22,0.004835761968798314,0.0020096925426711376
2023-12-26,0.005821082241828449,0.0033328127657419326
2023-12-27,0.0028862045212570894,0.0018080855254416495
2023-12-28,-0.0028525463313211477,0.00037773115379002853
2023-12-29,-0.00706769391810069,-0.002894973411954882
2024-01-02,0.0051000901078743985,0.001037763111179757
2024-01-03,-0.017329133187136535,-0.008166688673242328
2024-01-04,0.004052798917526046,-0.0032210792425203527
2024-01-05,0.004483261031415769,0.00136965984015891
2024-01-08,0.0032904751739896505,0.013171687390232556
2024-01-09,-0.007153110186680736,-0.0015170695563498926
2024-01-10,-0.000830701766774491,0.0056554246817059894
2024-01-11,-0.006330037261950655,-0.00044064012118916196
2024-01-12,-0.0005295507049399904,0.00069273972507089
2024-01-16,-0.00023537055840917246,-0.0006943927178019171
2024-01-17,-0.005118495545567106,-0.0055586805878180545
2024-01-18,0.011495843319071643,0.00889280233217904
2024-01-19,0.008890957289325499,0.01246616416534696
2024-01-22,-0.005741923013576485,-0.0011569958209436404
2024-01-23,-0.0009665145230559572,0.0029164817642561847
2024-01-24,0.009996012718333499,0.0010931594952936496
2024-01-25,-2.8316418417341646e-05,0.0054388925424671
2024-01-26,-0.01691958007090898,-0.0012704037021049608
2024-01-29,0.0025188316900023543,0.007258068906165649
2024-01-30,-0.003575391259999927,-0.0007734532410523798
2024-01-31,-0.023404185538187374,-0.016317320635176435
2024-02-01,0.010372584602455326,0.013088152875065928
2024-02-02,0.0034968637129691783,0.010527378920638375
2024-02-05,-0.007479476389340045,-0.002329399201189908
2024-02-06,0.0029996987997015345,0.0029033057127196837
2024-02-07,0.0122875804738721,0.008340408570300495
2024-02-08,-0.004419820289576877,0.000441680823142665
2024-02-09,0.01685774224243944,0.0057794285609300555
2024-02-12,0.004241653084409188,-0.0003791177371262888
2024-02-13,-0.01894762382701219,-0.01377305334094614
2024-02-14,0.030062985355212693,0.009087639398436709
2024-02-15,0.004429664272476925,0.00689973803251509
2024-02-16,0.0001679762106741717,-0.004979980381600746
2024-02-20,-0.0071792011312134954,-0.0019287781337371523
2024-02-21,0.003479724796564076,0.0009058331600915182
2024-02-22,0.01565348458724803,0.020695498324175388
2024-02-23,-0.003348877714248165,0.0006896671990455072
2024-02-26,-0.00047661425526835267,-0.004544555605094147
2024-02-27,0.00026521267445014604,0.0018577490850577583
2024-02-28,-0.0008699251739967452,-0.0013216478011487398
2024-02-29,0.0009559887278365239,0.003594944833748892
2024-03-01,0.003004625722668235,0.00938826393429193
2024-03-04,0.0005747369035956666,0.0005272317650284464
2024-03-05,-0.01785961932428235,-0.00999413476319766
2024-03-06,0.012806137593623812,0.005067249026642129
2024-03-07,0.00925694211860433,0.00992642973731006
2024-03-08,-0.018612924346978837,-0.00600220732414769
2024-03-11,0.00479884082344369,0.0015671285373604071
2024-03-12,-0.0001898318457274385,0.010757374688447952
2024-03-13,-0.0023065807547881494,-0.0015675114126452172
2024-03-14,-0.020570595835246935,-0.001976778793354672
2024-03-15,-0.0005065506115803375,-0.009942762430127261
2024-03-18,0.004199681794166558,-0.00221792733159043
2024-03-19,0.0030781613429166897,0.005557143669806974
2024-03-20,0.015390871785479637,0.009249303470675319
2024-03-21,0.006420710568495549,0.003304702971922424
2024-03-22,-0.00935085400623424,-0.001895806609024997
2024-03-25,0.012477965359903595,-5.7653448292671605e-05
2024-03-26,-0.008920425281432684,-0.0018470129799368351
2024-03-27,0.013186555057060305,0.008403819070718743
2024-03-28,0.0031385403700354107,-0.00019109579907738983
2024-04-01,0.00979785904345145,-0.0017397942282005863
2024-04-02,-0.022518462353959875,-0.006358101845817976
2024-04-03,0.008592930615001883,0.0010985010013910834
2024-04-04,-0.024961731311661947,-0.012206091812080655
2024-04-05,0.010737076919996123,0.010446888874904303
2024-04-08,-0.0043934697325026155,-0.0008283804116601123
2024-04-09,-0.0028233367280047937,0.0011567640634317922
2024-04-10,-0.0005704266794440286,-0.010013117410638928
2024-04-11,0.0027942950083868585,0.007546885784763369
2024-04-12,-0.013338895054437222,-0.013803077020240084
2024-04-15,-0.020422642342854617,-0.020732616183386177
2024-04-16,-0.0032897050082619306,-0.0018237950351299714
2024-04-17,-0.0007052054708055983,-0.005918239218224319
2024-04-18,-0.005269859800466238,-0.002057734101320041
2024-04-19,-0.0064949177489499795,-0.00872835011101658
2024-04-22,0.007848731543952622,0.00379650623589578
2024-04-23,0.003869075689205954,0.011866630635747333
2024-04-24,-0.004408658562212068,-0.00047461729906428385
2024-04-25,-0.0017581587601880851,-0.003798922486342393
2024-04-26,-0.008146639893358577,0.009473911346339792
2024-04-29,0.015604706467793947,-5.8810757929461666e-05
2024-04-30,-0.02926194822123047,-0.015841247325688257
2024-05-01,-0.019394992538911277,-0.0032471509764099293
2024-05-02,0.011150948327674964,0.009353437830903255
2024-05-03,0.013555808060864705,0.012395322615995186
2024-05-06,-0.0032886794187779672,0.005489065351277356
2024-05-07,1.2865768120688345e-05,0.0011034464179817682
2024-05-08,0.0030351922107979307,9.666200942248793e-05
2024-05-09,0.011488400551022952,0.005761867891264316
2024-05-10,-0.005619395855835176,0.0012881249732326072
2024-05-13,-0.007897261282750286,-0.003157578884283918
2024-05-14,0.013543453520528118,0.004588152985457228
2024-05-15,0.01435796763178503,0.012383033929039389
2024-05-16,-0.004709117861912573,-0.002057508390634233
2024-05-17,0.000674238979151878,0.0014375338328991294
2024-05-20,-0.0011681684699207284,0.0009252605464777908
2024-05-21,-0.004818706696400255,0.0024525295229904653
2024-05-22,0.005719285340723895,-0.0028793441431358424
2024-05-23,-0.01834890827744461,-0.007304220207159928
2024-05-24,0.017207092608483614,0.006616435324681147
2024-05-28,-0.0026883932316655707,-0.0008675240079816238
2024-05-29,-0.014116576950823035,-0.007002551838871107
2024-05-30,0.00467247277382315,-0.0066337015706721125
2024-05-31,-0.013134364971251502,0.009108149287317735
2024-06-03,-0.0034192501000965135,-0.0023062109055197455
2024-06-04,-0.014220648470135844,0.0011178985773303562
2024-06-05,0.01769141702682733,0.011885100186643571
2024-06-06,-0.002939970732120081,-1.8721390661391446e-05
2024-06-07,-0.005819062170996892,-0.0012156574487586225
2024-06-10,0.0035183612050755384,0.004651300691731031
2024-06-11,-0.004022991684807641,0.0024083170801936227
2024-06-12,0.007706552393742896,0.008213005017738695
2024-06-13,0.0035585176564558174,0.002013497275312748
2024-06-14,-0.010077356873733992,0.0006083824913212244
2024-06-17,0.014465319538817877,0.009260548881774744
2024-06-18,0.00967696952989692,0.0025406958699802917
2024-06-20,-0.019937149296326104,-0.002716531314889248
2024-06-21,-0.007974592227953055,-0.004552084523537503
2024-06-24,-0.00634163396552542,-0.00292107141908049
2024-06-25,0.0004989084103229658,0.0038508805193555595
2024-06-26,-0.0035198233201871763,0.0012480822540090752
2024-06-27,0.011321852889879408,0.0015764795075565718
2024-06-28,-0.0018927567235659986,-0.003935107039692687
2024-07-01,-0.005638999111139804,-0.0005314554272103367
2024-07-02,0.008803206834106757,0.006729714910746587
2024-07-03,0.0046051599399148544,0.004462600250361826
2024-07-05,0.0010815103049657713,0.005766497205737409
2024-07-08,-0.00019791560614538237,-0.00028801156529612015
2024-07-09,-0.003858344044946317,0.000972442729531453
2024-07-10,0.01520458093710961,0.009895289711641775
2024-07-11,-0.01698891056468323,-0.008622580332635743
2024-07-12,0.00890520997914328,0.006307522083127459
2024-07-15,-0.0005720415182076722,-0.0008896321796639794
2024-07-16,0.04110454087994446,0.005930147776526118
2024-07-17,-0.015420245560842543,-0.014021143496696697
2024-07-18,-0.0035748160880228388,-0.007684901925006371
2024-07-19,-0.013013179022956551,-0.0066405802636198
2024-07-22,0.00138662384964781,0.002983769284018889
2024-07-23,0.0032545160663998963,-0.0015685478750434578
2024-07-24,-0.010335050919980574,-0.022662516096977336
2024-07-25,0.0016916994984208635,-0.005210367913795921
2024-07-26,0.013416751907706238,0.011199698366761712
2024-07-29,-0.002183072251750109,-0.0023076255824955316
2024-07-30,0.01761278849186158,-0.005066469116946526
2024-07-31,-0.0038763979388168556,0.01625460804168588
2024-08-01,-0.0036683175547046537,-0.014160940846283387
2024-08-02,-0.00843220400929444,-0.01861841433811906
2024-08-05,-0.010752237504127378,0.011218806328740838
2024-08-06,-0.0011346534239079728,0.00921956682947278
2024-08-07,-0.009975338800264175,-0.0066840009697359815
2024-08-08,0.005451293214290967,0.023117363765007726
2024-08-09,-0.0002641505130973957,0.004409621620005133
2024-08-12,-0.004803705891534835,-0.0017596121426833866
2024-08-13,0.015327391686158003,0.016445624495827982
2024-08-14,0.005275989940626222,0.0031547893918812964
2024-08-15,0.008220883952724009,0.017140243354885065
2024-08-16,-0.004207468084931899,0.0022420131591913695
2024-08-19,0.014010575962752174,0.008797081561535247
2024-08-20,-0.010614503239123059,-0.0016260845380726696
2024-08-21,0.014484840836698421,0.003436518468241667
2024-08-22,-0.028121905700168558,-0.007848497114596786
2024-08-23,0.02439471781775312,0.010625354160183287
2024-08-26,-0.010133631777771192,-0.0042437847216163505
2024-08-27,0.002099512215687768,0.0013730978823098816
2024-08-28,-0.011803953382925293,-0.005805274200081922
2024-08-29,-0.0009732065410899244,8.953572284031708e-05
2024-08-30,0.0031835426327933396,0.009546014727143781
2024-09-03,-0.0041935778262441464,-0.014969497121774089
2024-09-04,0.00039800437193236905,-0.0020468135919301522
2024-09-05,3.889832500833491e-05,-0.0024322113182296823
2024-09-06,-0.005931213932156106,-0.01683011634892906
2024-09-09,0.011593583188418055,0.0032313387525542137
2024-09-10,0.00354476797384049,0.0043557127427886755
2024-09-11,-0.008343894641589543,0.010258942597767273
2024-09-12,0.0033346922980732885,0.008423296578884854
2024-09-13,0.010662697859243262,0.005222741901835137
2024-09-16,0.015491662205595206,0.0019582665293862433
2024-09-17,0.007444954340738899,0.00040860716682655784
2024-09-18,-0.001678158820055209,-0.0029658530705484187
2024-09-19,0.01862916905407379,0.01706440263283948
2024-09-20,0.025910974915469957,-0.004781219240837187
2024-09-23,-0.0004349978844435279,0.000579541291888308
2024-09-24,0.002186749013697721,0.0028613143253319873
2024-09-25,0.005814969763004031,-0.0022055133774685487
2024-09-26,0.010993111393904454,0.003964651345061521
2024-09-27,-0.004626880669605406,-0.0014503182029491635
2024-09-30,-0.014342221288743786,0.0058553819212796565
2024-10-01,-0.005614730271670016,-0.0089584749040581
2024-10-02,-0.004004750668674598,0.00042205732551758857
2024-10-03,0.003494117805278907,-0.0018281792604923908
2024-10-04,0.03411680835736767,0.009087339434985742
2024-10-07,-0.007916720172461237,-0.006126378566050916
2024-10-08,-0.007233457604929427,0.009457547081078044
2024-10-09,0.00014299201940370064,0.006926447400689373
2024-10-10,-0.002201894388226733,-0.0017500255397128184
2024-10-11,0.012112328455666765,0.005988252959907792
2024-10-14,-0.00218673409492334,0.00533367189249101
2024-10-15,0.0028377127094902374,-0.0077696775233381254
2024-10-16,0.01375094175727769,0.00434640444437151
2024-10-17,-0.0021603206759899176,8.584543021927793e-05
2024-10-18,-0.0014081233652337983,0.0038465722734466468
2024-10-21,-0.007730647650597772,-0.0003767589489136469
2024-10-22,-0.0032107435824247385,-0.0005311542518380286
2024-10-23,-0.0035606568747277956,-0.009137380893711078
2024-10-24,0.008457966551146754,0.0021626672107126765
2024-10-25,-0.01605452714707407,-0.00034530110213959464
2024-10-28,-0.00993578566647399,-0.003003879207429283
2024-10-29,0.0008832036560143944,0.0016183778622804734
2024-10-30,-0.003283060811405135,-0.0030252672130528513
2024-10-31,-0.0194834952905162,-0.01960310154264744
2024-11-01,0.006440249773192021,0.004220532001058652
2024-11-04,-0.006360328822623622,-0.0023985348484801827
2024-11-05,0.023216305319942905,0.012091775640930225
2024-11-06,0.04341242420098762,0.024865554910313614
2024-11-07,0.0045123765386400234,0.0077321458684938005
2024-11-08,-0.001178986730778343,0.004331722357409529
2024-11-11,0.0058292084170439035,-0.0017505339978368673
2024-11-12,-0.009601002444059184,-0.003106395419244068
2024-11-13,0.002593748500039232,0.000485806693723001
2024-11-14,-0.01641837796467131,-0.006430159312396544
2024-11-15,-0.002326141592327331,-0.012808588351979733
2024-11-18,-0.0017469607641655176,0.0032923711360814956
2024-11-19,0.004741925484659692,0.003655467635231613
2024-11-20,0.0019344390595542817,0.000338831460557909
2024-11-21,0.012365862883477475,0.005368302980789608
2024-11-22,0.007708717609854859,0.003099410292649374
2024-11-25,-0.00774730723041674,-0.003319305727156441
2024-11-26,-0.0024948751175099997,0.005221486727384761
2024-11-27,-0.0130846028551618,-0.0030300628489846604
2024-11-29,0.007624010033975899,0.006212064520751737
2024-12-02,0.011976301979463286,0.0010946385587293772
2024-12-03,-0.0003155923897149201,0.000463807728996235
2024-12-04,0.008053356936851183,0.006209534809425099
2024-12-05,-0.0070791605525164555,-0.00164565718361398
2024-12-06,0.008637319372806073,0.0018956655539701384
2024-12-09,-0.030346435459803592,-0.004953199416696363
2024-12-10,-0.020973057131265866,-0.003109090602606557
2024-12-11,0.025724580894010404,0.007730647435394422
2024-12-12,-0.019213109963338443,-0.005152610492206833
2024-12-13,0.0294469117773516,-0.00019855892276432474
2024-12-16,0.017011469037492618,0.0013035941045276278
2024-12-17,-0.006848206801747095,-0.004120041679210651
2024-12-18,-0.03448693357098104,-0.029803487374158943
2024-12-19,-0.004628781737402545,-0.0003071121340316729
2024-12-20,0.009738084159006786,0.008616360754965635
2024-12-23,-0.00024067930316355718,0.006430956182648773
2024-12-24,0.007188150759359415,0.011115010046286677
2024-12-26,0.003173436143762107,6.658749927290764e-05
2024-12-27,-0.008345357921442505,-0.010526518786625139
2024-12-30,0.001494657514536276,0.0005612547355220432
2024-12-31,0.0015462954651641182,-0.0036380159121820466
2025-01-02,-0.001414635473565102,-0.0024570065510107764
2025-01-03,0.003750085574147176,0.012503416419400448
2025-01-06,0.0005434809855925015,-0.0015262115314852442
2025-01-07,-0.004834315876274373,-0.011304052395755049
2025-01-08,-0.003805251255064847,0.0014609947580461746
2025-01-10,0.016772824217131506,-0.015267434815002923
2025-01-13,0.0017306480057440521,0.009760833191285068
2025-01-14,0.014131969225389092,0.0013759916283606621
2025-01-15,0.013244593623367508,0.018189984044830076
2025-01-16,0.010765304534571779,-0.0019231664227786771
2025-01-17,0.0003275447203943821,0.010039892999691435
2025-01-21,0.00496172069776036,0.00396225040459286
2025-01-22,-0.005049217308645343,0.005621448830210873
2025-01-23,0.0037009937462083543,0.005458079192118603
2025-01-24,-0.012473469782829042,-0.0029192772396473554
2025-01-27,-0.03211486232848727,0.007666309539702265
2025-01-28,0.03265395678203688,0.008592396109277312
2025-01-29,-0.006483337760812971,-0.0044829317228528565
2025-01-30,0.04031802345911111,0.005367110021191612
2025-01-31,-0.013904353053350436,-0.00532191395620385
2025-02-03,0.010359514082727074,0.00860518799358001
2025-02-04,0.017129546805422148,0.006708281838506247
2025-02-05,0.004175851904021236,0.004054540342757651
2025-02-06,0.004958766711715132,0.003475616038725038
2025-02-07,-0.007198063085269725,-0.009153562023232031
2025-02-10,0.009857279827149124,0.0013574594793193118
2025-02-11,-0.008737836825966922,0.000760555495121995
2025-02-12,0.007930877204723963,-0.0032215099947072723
2025-02-13,0.005152064652734664,0.010557536581541571
2025-02-14,-0.0004874179972147878,-4.9150054415414424e-05
2025-02-18,0.010563928101972058,0.000998535467991779
2025-02-19,-0.006690709319336379,0.0023549076262954216
2025-02-20,-0.0027082959686839255,-0.00416032470826988
2025-02-21,-0.02374055843804826,-0.017104102948802602
2025-02-24,0.0022399792382898536,-0.007989763467233124
2025-02-25,-0.0010534321579384349,-0.004973177992678157
2025-02-26,-0.013132502409787224,0.0005048259926943022
2025-02-27,-0.006048388766591901,-0.01596190430433686
2025-02-28,0.007653752403112195,0.015605512474676564
2025-03-03,-0.00383030624030175,-0.02081581619140338
2025-03-04,-0.013404410508455592,-0.011836911709231068
2025-03-05,0.011349688662365237,0.010747863198125485
2025-03-06,-0.011520844498301024,-0.017751133038238276
2025-03-07,0.013170664229366266,0.005604862520902865
2025-03-10,0.008671320691336016,-0.012350480864615432
2025-03-11,-0.04488049035776396,-0.008312879584754462
2025-03-12,-0.022771624870190542,0.005306541044969082
2025-03-13,-0.0005863159301766691,-0.01333049237232553
2025-03-14,0.004943943857512737,0.020655788693630495
2025-03-17,0.010311332728624884,0.007747199767133894
2025-03-18,-0.01222573439160458,-0.010808436249554187
2025-03-19,0.006717681248752334,0.010890850841058342
2025-03-20,0.002270786446710594,-0.0028917790177164227
2025-03-21,-6.0838091215078584e-05,-0.0026702678945725866
2025-03-24,0.0048684256036357785,0.005746372401929101
2025-03-25,-0.008774484239178482,0.0024038545877420603
2025-03-26,-0.01725864706852462,-0.011938266525687413
2025-03-27,-0.0037642759574757962,-0.0026557092004866334
2025-03-28,-0.011191075649674333,-0.020138328985595644
2025-03-31,0.008254069237744337,0.017387187424202866
2025-04-01,0.00017643351454278998,0.0028244266313557365
2025-04-02,0.0004198939849392987,0.006328411525621025
2025-04-03,0.003673910225594256,-0.04928081620084812
2025-04-04,-0.036169306345485944,-0.058542971330535654
2025-04-07,-0.007241589827776028,0.031051334584920598
2025-04-08,-0.01546767636959994,-0.0156627816725603
2025-04-09,0.02193393470573992,0.10501930183911301
2025-04-10,0.0025781411836449616,-0.04381899719533322
2025-04-11,0.013930403278379756,0.017842817199724692
2025-04-14,-0.01000621420972601,-0.00906165386710256
2025-04-15,0.002235608040106615,-0.0028008788011967267
2025-04-16,-0.015351682056719175,-0.02222803246337901
2025-04-17,-0.021312353136857365,0.001426777837987947
2025-04-21,-0.020064068413388956,-0.023802680232045126
2025-04-22,0.011587584791299474,0.02601773758493775
2025-04-23,0.011837486972148752,0.015495463082325855
2025-04-24,0.028225645553213132,0.02104893334386637
2025-04-25,0.004078252083425596,0.00722532365580375
2025-04-28,0.0002696476533045097,-0.000979413932340245
2025-04-29,0.0036076774892323522,0.006299413437552026
2025-04-30,-0.001817644306480539,0.000396829809890642
2025-05-01,0.0003446639601584408,0.007086942026725218
2025-05-02,0.01905672270941814,0.014844198430334021
2025-05-05,0.00667274999995403,0.0016709074944774027
2025-05-06,-0.00013603003989005836,-0.008358364343191038
2025-05-07,0.0005053980120196868,0.0042055058561747405
2025-05-08,0.004153579673928962,0.0069677857514378605
2025-05-09,-0.0017616240528312457,-0.0012741491279434358
2025-05-12,-0.009645443676016578,0.002614098075283122
2025-05-13,0.021432044549011844,0.006603949785734642
2025-05-14,-0.002123458493569084,0.0012780314322096142
2025-05-15,-0.000842592261098531,0.004884349607746863
2025-05-16,0.004169391896552455,0.00633402786844095
2025-05-19,0.018058817689338518,0.011477640333643624
2025-05-20,-0.006624176730975339,-0.0033621922872737464
2025-05-21,-0.02532256975969019,-0.016850789652983478
2025-05-22,-0.00015103802617111046,0.00039467712604679406
2025-05-23,-0.0035562253724656916,-0.006825775301577575
2025-05-27,0.011607120981352689,0.00866793561581014
2025-05-28,-0.006497222151903044,-0.005785407771406903
2025-05-29,-0.009446045554197773,0.003947403401760141
2025-05-30,0.0055209608271078545,-0.0011185037847383228
2025-06-02,0.013098437135626625,0.008421825447098907
2025-06-03,0.01228384417138902,0.005702628195088044
2025-06-04,-0.00544672117652685,-0.0002684731709600152
2025-06-05,-0.0019174996116378793,-0.004832790626766448
2025-06-06,0.00570821036649623,0.010268994150278488
2025-06-09,-0.0010457053929912507,-6.66611573679754e-05
2025-06-10,0.012897184302305546,0.005669731282665458
2025-06-11,-0.009759613199749783,-0.0028520788113346462
2025-06-12,-0.0007935557383216361,0.003974349319302073
2025-06-13,-0.017584318562963715,-0.011180124223602483
2025-06-16,0.001726723481020798,0.0037974153381219455
2025-06-17,-0.006679972026952969,-0.008545104270081039
2025-06-18,-0.01140712171848769,-0.00015066498929716676
2025-06-20,0.0002738632207946957,-0.005289189092826385
2025-06-23,-0.001337161985603435,0.008587736245318167
2025-06-24,0.037204558539963295,0.011047245877038092
2025-06-25,0.0008719110340136848,0.0005602785258216336
2025-06-26,0.01624090875459402,0.007823824018649228
2025-06-27,-0.006236852346133956,0.004968339764334306
2025-06-30,-0.0044987442126156515,0.0007612340850173815
2025-07-01,-0.0007683467181418963,-0.00032362414789344207
2025-07-02,0.029627331652270317,0.004533291803274775
2025-07-03,0.009550645069899787,0.00788139987465386
2025-07-07,-0.014064283764251869,-0.007452000479036269
2025-07-08,0.007330871612858478,-0.0005477312372305088
2025-07-09,0.012898748758754946,0.005996663994070728
2025-07-10,0.019847719031563335,0.002820257303000284
2025-07-11,-0.010169797403960047,-0.0035154072757080934
2025-07-14,0.0035172161179001338,0.0026478344007498933
2025-07-15,-0.006667533173935507,-0.004273271747553764
2025-07-16,0.005236688691206849,0.0033432282214846953
2025-07-17,0.008618229670272249,0.006119649327969823
2025-07-18,0.0015684954802722996,-0.0007323752525193461
2025-07-21,-0.006040917630962317,0.0
2025-07-22,0.007492936503831374,0.00014308223598114012
2025-07-23,0.0021127165393083533,0.008507516372031176
2025-07-24,-0.0014045393284278004,0.0003310590028946514
2025-07-25,0.008103583152740868,0.004224319453948855
2025-07-28,-0.006657927312313426,-0.0008470509567166662
2025-07-29,-0.0060848459524482645,-0.002637599568784843
2025-07-30,-0.011654429528361616,-0.0012593076546151272
2025-07-31,-0.022009915429837597,-0.003751229077306739
2025-08-01,-0.015372754564794368,-0.01639040328219421
2025-08-04,0.015062445653507459,0.00879057674209971
2025-08-05,-0.008400280109360336,-0.0050699689365404366
2025-08-06,-0.012121949559679622,0.007659695237280717
2025-08-07,-0.00270262955881121,-0.0008376201402309214
2025-08-08,0.003033257867918531,0.007797536853746623
2025-08-11,-0.0108473751037601,-0.002415899051573911
2025-08-12,0.016240745608840985,0.010646024206171889
2025-08-13,0.009713645663206668,0.0034231312120525104
2025-08-14,-0.0028089371110444727,9.303533506632711e-05
2025-08-15,-0.0017359604771854768,-0.002341281862229483
2025-08-18,-0.0009348035977924127,0.0006844452158047964
2025-08-19,0.004023697885488042,-0.005425136484688009
2025-08-20,-0.014554376073104827,-0.0026570578976855552
2025-08-21,0.0006893744919896903,-0.004011843753210287
2025-08-22,0.03233784316080045,0.015356793254796441
2025-08-25,0.002151701430699758,-0.002437748242007598
2025-08-26,-0.00186960590038861,0.004186969919329098
2025-08-27,0.0006672045421833781,0.0022785538462906096
2025-08-28,0.0033654443564936957,0.003541403909580021
2025-08-29,-0.0003306240156528145,-0.0059637477949624484
2025-09-02,0.011912621557346546,0.004345128676470633
2025-09-03,-0.006022437537016738,0.005419542688669621
2025-09-04,0.004297281461532249,0.008357419089116691
2025-09-05,0.0015539033503335705,-0.002896236284437803
2025-09-08,0.0022844911715626313,0.000323798178035295
2025-09-09,-0.015933227248123974,0.002311853583358836
2025-09-10,0.008139085168699206,0.0028908474672986184
2025-09-11,0.024969230371209284,0.008310180352278485
2025-09-12,-0.003631315291524669,-0.00033458287585352853
2025-09-15,0.0028341024910932683,0.0019252296220546583
2025-09-16,-0.010425495455264853,-0.0013768488621856978
2025-09-17,-0.004527118905144066,-0.0012424353397253451
2025-09-18,0.016318472308752312,0.004672497836806455
2025-09-19,0.01137279442485772,0.0021743762573189773
2025-09-22,0.01705136043273618,0.007006968533529445
2025-09-23,-0.004503465680399913,-0.005443591771073009
2025-09-24,-0.007780343562432462,-0.0031815658943793457
2025-09-25,-0.009431867080727515,-0.004613504621998388
2025-09-26,0.006418417987014154,0.0057290777314567
2025-09-29,-0.009531946321443552,-0.001023530451523813
2025-09-30,-0.005851183550579429,0.003766875644270362
2025-10-01,0.01723259206681403,0.0034075168215907947
2025-10-02,0.003407858608137323,0.0011518565068935338
2025-10-03,-0.001916068177501086,-1.4866158967619114e-05
2025-10-06,-0.013238575692600407,-1.4903912476937897e-05
2025-10-07,-0.01618831200416603,-0.003707494362329311
2025-10-08,0.004434738267860892,0.005963041402874625
2025-10-09,-0.007132571326252219,-0.0028970186885769467
2025-10-10,-0.03579235023396647,-0.027027764376787222
2025-10-13,-0.0057624735446115665,0.0036175789373518175
2025-10-14,0.002115443235005937,-0.0012216421112398734
2025-10-15,0.011691774999160676,0.00443954899070742
2025-10-16,-0.0035879691510866223,-0.006810241559458086
2025-10-17,-0.0008002544697212801,0.0056763137515907225
2025-10-20,0.002256898073748884,0.0059641257943228165
2025-10-21,-0.003198795070775253,-1.4911017141350236e-05
2025-10-22,-0.013150445573834602,-0.005198930936866852
2025-10-23,0.010604264729188477,0.005929952148911788
2025-10-24,0.01392073678734942,0.008172546972973871
2025-10-27,-0.010857023379301632,0.0036764311476429334
2025-10-28,-0.009082889190260863,0.002656014462314449
2025-10-29,0.01303353845957147,0.00048033227231458753
2025-10-30,-0.008953278818923771,-0.010998119550020391
2025-10-31,0.0013811176297995466,0.0032802030105936186
2025-11-03,0.0001965647772274432,-0.0033980721232663713
2025-11-04,-0.019057451544698338,-0.011853596017736279
2025-11-05,0.023412083198491022,0.0034654743340312155
2025-11-06,-0.004003030358234797,-0.010729388925125316
2025-11-07,0.0009973377954284326,0.0009845789961884233
2025-11-10,0.014529834341995724,0.006201660072639337
2025-11-11,-0.00017189870206360276,0.0022892661907207845
2025-11-12,-0.003795844696901998,0.0005563761095350728
2025-11-13,-0.021994036451701643,-0.016594027882646856
2025-11-14,-0.006277609687778809,-0.00016365894166792128
2025-11-17,-0.01326739454932516,-0.006017663466353906
2025-11-18,0.005425964181452491,-0.008397503213040225
2025-11-19,-0.004963453546767553,0.003863149507556951
2025-11-20,-0.014938754737726314,-0.015242255122032589
2025-11-21,0.020551298931668998,0.009961227389035265
2025-11-24,0.007293201655033513,0.009114334010007719
2025-11-25,0.02804093403223665,0.009405947461920139
2025-11-26,-0.0010050640281853967,0.006903459171132775
2025-11-28,-0.0009897020687354686,0.0054584834225450685
2025-12-01,0.006217828998616612,0.0021508551404771925
2025-12-02,0.010929245389533864,0.0018522200441719594
2025-12-03,0.005583327509372205,0.00346277529986061
2025-12-04,-0.012240627435226675,0.0007311117128343536
2025-12-05,0.010169294758790692,0.0018994838690575833
2025-12-08,-0.011516148032305877,-0.004311192788821749
2025-12-09,0.004706773387952678,-0.0008630792259767261
2025-12-10,0.02330242515502735,0.006632158354709983
2025-12-11,0.00978751063905255,0.0023270002601829542
2025-12-12,-0.007708535841258065,-0.010752025375860397
2025-12-15,0.0023867739636070496,-0.007305990370946036
2025-12-16,-0.01090752173898735,-0.0027323394075896568
2025-12-17,0.004663968365596961,-0.011003536401451242
2025-12-18,0.002910721215718692,0.007551304892321253
2025-12-19,0.009735913838817188,0.0060905233502994705
2025-12-22,0.005823332188724347,0.0013013051514174645
2025-12-23,-0.011758196952542918,0.0045704843606495515
2025-12-24,0.006637667090552278,0.003517621421107009
2025-12-26,-0.007439338359451588,-0.0001014040437492536
2025-12-29,-5.246063004529225e-05,0.000450879321204134
2025-12-30,-0.005894504214634626,-0.0012211468345215692
2025-12-31,-0.012613281427286445,-0.007408955885817803
2026-01-02,0.03495245789350301,0.0018330596423725698
2026-01-05,-0.014161419044542142,0.0017187530421343133
2026-01-06,0.023559037014001756,0.005947227112347964
2026-01-07,-0.021149344928724265,-0.0032234001772446508
2026-01-08,-0.001023256470148759,-0.00010152168346500012
2026-01-09,0.024824207054979182,0.006613388484590255
2026-01-12,0.004187394783517759,0.0064863330576494516
2026-01-13,0.007441991522551125,-0.001999473023445053
2026-01-14,2.7212954569368628e-05,-0.004915222744839132
2026-01-15,0.01005223519112378,0.0027232240029890775
2026-01-16,9.079363868689442e-05,-0.0008378844014015341
2026-01-20,-0.004020861067298322,-0.005737388957373413
2026-01-21,0.0330638024977363,0.011541083159159804
2026-01-22,-3.3313765404417944e-05,0.005223163010167564
2026-01-23,-0.00665720309779775,0.00036285524556167736
2026-01-26,-0.003194571937321183,0.003244058952418305
2026-01-27,0.005249122236963078,0.003984250492172103
2026-01-28,0.01915158382765008,-0.0001006589961060067
2026-01-29,-0.005259813245111664,-0.001984419367757506
2026-01-30,-0.030414431128090735,-0.002982547677011782
2026-02-02,0.011052968582399205,0.00845435759477331
2026-02-03,0.006804051399542999,-0.008455363130712823
2026-02-04,-1.7255907452126554e-05,-0.0048439179057576665
2026-02-05,-0.002797643112984554,-0.0124892628772314
2026-02-06,0.015123384208624696,0.019184793975496328
2026-02-09,0.008585242122566698,0.006570783280393178
2026-02-10,-0.0008901011073356536,-0.0026371021797716443
2026-02-11,0.0004064532926551499,-0.00023113498477123073
2026-02-12,-0.02254191138291214,-0.015448872914552103
2026-02-13,0.002431645964190518,0.0007045377823615695
2026-02-17,-0.0006184756339067896,0.003984416265966573
2026-02-18,-0.0036557961608171484,0.005037713354905549
2026-02-19,0.008595992502501941,-0.002637365569283623
2026-02-20,0.004779242054679779,0.007231785221302411
2026-02-23,0.00143367223270587,-0.007908934338781037
2026-02-24,0.01431325194344987,0.007268513358970052
2026-02-25,0.0032860878492687795,0.008438276037153747
2026-02-26,-0.008128488145710645,-0.005554405951797015
2026-02-27,0.004001725676641171,-0.004801969559279806
2026-03-02,0.015197254667063823,0.011315739704802708
2026-03-03,-0.01162164119640097,-0.008814341545397508
2026-03-04,0.015462457120654872,0.007055381465455479
2026-03-05,-0.0011330321736655554,-0.0055755948462250515
2026-03-06,-0.002686745033784439,-0.013107091790493297
2026-03-09,-0.004614976706588796,0.017827405305705257
2026-03-10,-0.02948786745606822,-0.001607069196751576
2026-03-11,0.01113142476493096,-0.0012551693717042234
2026-03-12,0.0035695762008125845,-0.0151849234423167
2026-03-13,-0.005246722598810253,-0.005660180081477395
2026-03-16,-0.009897155572431976,0.000972537193383749
2026-03-17,0.014575675170581177,0.0026305975119209624
2026-03-18,0.008910941552540422,-0.013953675007322364
2026-03-19,0.00441285653842267,-0.002464364937880159
2026-03-20,-0.015297030106872462,-0.017020279897722146
2026-03-23,0.017645596801727857,-0.004087714698234102
2026-03-24,0.02794615746947827,-0.0033568497522664664
2026-03-25,0.0038645667613509196,0.0055727589473859585
2026-03-26,-0.001903805136762267,-0.017858744158138706
2026-03-27,0.008979803752411664,-0.017051883523327982
